2026-01-29T16:49:00.204784+01:00,  soc=95.0,  volt=53.25,  volt_status=NORMAL, batt_w=12.0,  batt_mode=idle,  batt_discharge_w=12.0,  batt_charge_w=0,  load_w=2634.0, zone=unknown,  grid_charge=off, rescue_active=on, ev_charging_active=off, ev_charge_end=unknown, ev_webhook_count=0, max_discharge_a=60, max_charge_a=90, max_grid_charge_a=64, soc_limit_a=49, soc_power_w=2625, is_critical_soc=False
2026-01-29T16:50:00.204875+01:00,  soc=95.0,  volt=53.25,  volt_status=NORMAL, batt_w=12.0,  batt_mode=idle,  batt_discharge_w=12.0,  batt_charge_w=0,  load_w=2634.0, zone=unknown,  grid_charge=off, rescue_active=on, ev_charging_active=off, ev_charge_end=unknown, ev_webhook_count=0, max_discharge_a=60, max_charge_a=90, max_grid_charge_a=64, soc_limit_a=49, soc_power_w=2625, is_critical_soc=False
2026-01-29T16:51:00.205916+01:00,  soc=95.0,  volt=53.25,  volt_status=NORMAL, batt_w=12.0,  batt_mode=idle,  batt_discharge_w=12.0,  batt_charge_w=0,  load_w=2633.0, zone=unknown,  grid_charge=off, rescue_active=on, ev_charging_active=off, ev_charge_end=unknown, ev_webhook_count=0, max_discharge_a=60, max_charge_a=90, max_grid_charge_a=64, soc_limit_a=49, soc_power_w=2625, is_critical_soc=False
2026-01-29T16:52:00.205224+01:00,  soc=95.0,  volt=53.25,  volt_status=NORMAL, batt_w=12.0,  batt_mode=idle,  batt_discharge_w=12.0,  batt_charge_w=0,  load_w=2633.0, zone=unknown,  grid_charge=off, rescue_active=on, ev_charging_active=off, ev_charge_end=unknown, ev_webhook_count=0, max_discharge_a=60, max_charge_a=90, max_grid_charge_a=64, soc_limit_a=49, soc_power_w=2625, is_critical_soc=False
2026-01-29T16:53:00.205256+01:00,  soc=95.0,  volt=53.25,  volt_status=NORMAL, batt_w=12.0,  batt_mode=idle,  batt_discharge_w=12.0,  batt_charge_w=0,  load_w=2633.0, zone=unknown,  grid_charge=off, rescue_active=on, ev_charging_active=off, ev_charge_end=unknown, ev_webhook_count=0, max_discharge_a=60, max_charge_a=90, max_grid_charge_a=64, soc_limit_a=49, soc_power_w=2625, is_critical_soc=False
2026-01-29T16:54:00.205407+01:00,  soc=95.0,  volt=53.25,  volt_status=NORMAL, batt_w=12.0,  batt_mode=idle,  batt_discharge_w=12.0,  batt_charge_w=0,  load_w=2633.0, zone=unknown,  grid_charge=off, rescue_active=on, ev_charging_active=off, ev_charge_end=unknown, ev_webhook_count=0, max_discharge_a=60, max_charge_a=90, max_grid_charge_a=64, soc_limit_a=49, soc_power_w=2625, is_critical_soc=False
2026-01-29T16:55:00.204365+01:00,  soc=95.0,  volt=53.26,  volt_status=NORMAL, batt_w=10.0,  batt_mode=idle,  batt_discharge_w=10.0,  batt_charge_w=0,  load_w=2633.0, zone=unknown,  grid_charge=off, rescue_active=on, ev_charging_active=off, ev_charge_end=unknown, ev_webhook_count=0, max_discharge_a=60, max_charge_a=90, max_grid_charge_a=64, soc_limit_a=49, soc_power_w=2625, is_critical_soc=False
2026-01-29T16:56:00.206420+01:00,  soc=95.0,  volt=53.26,  volt_status=NORMAL, batt_w=10.0,  batt_mode=idle,  batt_discharge_w=10.0,  batt_charge_w=0,  load_w=2633.0, zone=unknown,  grid_charge=off, rescue_active=on, ev_charging_active=off, ev_charge_end=unknown, ev_webhook_count=0, max_discharge_a=60, max_charge_a=90, max_grid_charge_a=64, soc_limit_a=49, soc_power_w=2625, is_critical_soc=False
2026-01-29T16:57:00.205816+01:00,  soc=95.0,  volt=53.26,  volt_status=NORMAL, batt_w=10.0,  batt_mode=idle,  batt_discharge_w=10.0,  batt_charge_w=0,  load_w=2587.0, zone=unknown,  grid_charge=off, rescue_active=on, ev_charging_active=off, ev_charge_end=unknown, ev_webhook_count=0, max_discharge_a=60, max_charge_a=90, max_grid_charge_a=64, soc_limit_a=49, soc_power_w=2625, is_critical_soc=False
2026-01-29T16:58:00.204978+01:00,  soc=95.0,  volt=53.26,  volt_status=NORMAL, batt_w=10.0,  batt_mode=idle,  batt_discharge_w=10.0,  batt_charge_w=0,  load_w=2582.0, zone=unknown,  grid_charge=off, rescue_active=on, ev_charging_active=off, ev_charge_end=unknown, ev_webhook_count=0, max_discharge_a=60, max_charge_a=90, max_grid_charge_a=64, soc_limit_a=49, soc_power_w=2625, is_critical_soc=False
2026-01-29T16:59:00.206555+01:00,  soc=95.0,  volt=53.26,  volt_status=NORMAL, batt_w=10.0,  batt_mode=idle,  batt_discharge_w=10.0,  batt_charge_w=0,  load_w=2582.0, zone=unknown,  grid_charge=off, rescue_active=on, ev_charging_active=off, ev_charge_end=unknown, ev_webhook_count=0, max_discharge_a=60, max_charge_a=90, max_grid_charge_a=64, soc_limit_a=49, soc_power_w=2625, is_critical_soc=False
2026-01-29T17:00:00.204859+01:00,  soc=95.0,  volt=53.26,  volt_status=NORMAL, batt_w=10.0,  batt_mode=idle,  batt_discharge_w=10.0,  batt_charge_w=0,  load_w=2582.0, zone=unknown,  grid_charge=off, rescue_active=on, ev_charging_active=off, ev_charge_end=unknown, ev_webhook_count=0, max_discharge_a=60, max_charge_a=90, max_grid_charge_a=64, soc_limit_a=49, soc_power_w=2625, is_critical_soc=False
2026-01-29T17:01:00.205020+01:00,  soc=95.0,  volt=52.35,  volt_status=NORMAL, batt_w=2637.0,  batt_mode=discharge,  batt_discharge_w=2637.0,  batt_charge_w=0,  load_w=2582.0, zone=unknown,  grid_charge=off, rescue_active=on, ev_charging_active=off, ev_charge_end=unknown, ev_webhook_count=0, max_discharge_a=60, max_charge_a=90, max_grid_charge_a=64, soc_limit_a=50, soc_power_w=2625, is_critical_soc=False
2026-01-29T17:02:00.205718+01:00,  soc=95.0,  volt=52.23,  volt_status=NORMAL, batt_w=2637.0,  batt_mode=discharge,  batt_discharge_w=2637.0,  batt_charge_w=0,  load_w=2474.0, zone=unknown,  grid_charge=off, rescue_active=on, ev_charging_active=off, ev_charge_end=unknown, ev_webhook_count=0, max_discharge_a=60, max_charge_a=90, max_grid_charge_a=64, soc_limit_a=50, soc_power_w=2625, is_critical_soc=False
2026-01-29T17:03:00.205088+01:00,  soc=94.0,  volt=52.13,  volt_status=NORMAL, batt_w=2637.0,  batt_mode=discharge,  batt_discharge_w=2637.0,  batt_charge_w=0,  load_w=2569.0, zone=unknown,  grid_charge=off, rescue_active=on, ev_charging_active=off, ev_charge_end=unknown, ev_webhook_count=0, max_discharge_a=60, max_charge_a=90, max_grid_charge_a=64, soc_limit_a=50, soc_power_w=2625, is_critical_soc=False
2026-01-29T17:04:00.204189+01:00,  soc=94.0,  volt=52.13,  volt_status=NORMAL, batt_w=2637.0,  batt_mode=discharge,  batt_discharge_w=2637.0,  batt_charge_w=0,  load_w=2569.0, zone=unknown,  grid_charge=off, rescue_active=on, ev_charging_active=off, ev_charge_end=unknown, ev_webhook_count=0, max_discharge_a=60, max_charge_a=90, max_grid_charge_a=64, soc_limit_a=50, soc_power_w=2625, is_critical_soc=False
2026-01-29T17:05:00.205813+01:00,  soc=93.0,  volt=52.13,  volt_status=NORMAL, batt_w=2640.0,  batt_mode=discharge,  batt_discharge_w=2640.0,  batt_charge_w=0,  load_w=2569.0, zone=unknown,  grid_charge=off, rescue_active=on, ev_charging_active=off, ev_charge_end=unknown, ev_webhook_count=0, max_discharge_a=60, max_charge_a=90, max_grid_charge_a=64, soc_limit_a=50, soc_power_w=2625, is_critical_soc=False
2026-01-29T17:06:00.205540+01:00,  soc=93.0,  volt=52.13,  volt_status=NORMAL, batt_w=2640.0,  batt_mode=discharge,  batt_discharge_w=2640.0,  batt_charge_w=0,  load_w=2569.0, zone=unknown,  grid_charge=off, rescue_active=on, ev_charging_active=off, ev_charge_end=unknown, ev_webhook_count=0, max_discharge_a=60, max_charge_a=90, max_grid_charge_a=64, soc_limit_a=50, soc_power_w=2625, is_critical_soc=False
2026-01-29T17:07:00.204516+01:00,  soc=93.0,  volt=52.13,  volt_status=NORMAL, batt_w=2640.0,  batt_mode=discharge,  batt_discharge_w=2640.0,  batt_charge_w=0,  load_w=2580.0, zone=unknown,  grid_charge=off, rescue_active=on, ev_charging_active=off, ev_charge_end=unknown, ev_webhook_count=0, max_discharge_a=60, max_charge_a=90, max_grid_charge_a=64, soc_limit_a=50, soc_power_w=2625, is_critical_soc=False
2026-01-29T17:08:00.205074+01:00,  soc=92.0,  volt=52.13,  volt_status=NORMAL, batt_w=2640.0,  batt_mode=discharge,  batt_discharge_w=2640.0,  batt_charge_w=0,  load_w=2580.0, zone=unknown,  grid_charge=off, rescue_active=on, ev_charging_active=off, ev_charge_end=unknown, ev_webhook_count=0, max_discharge_a=60, max_charge_a=90, max_grid_charge_a=64, soc_limit_a=50, soc_power_w=2625, is_critical_soc=False
2026-01-29T17:09:00.205281+01:00,  soc=92.0,  volt=52.13,  volt_status=NORMAL, batt_w=2640.0,  batt_mode=discharge,  batt_discharge_w=2640.0,  batt_charge_w=0,  load_w=2580.0, zone=unknown,  grid_charge=off, rescue_active=on, ev_charging_active=off, ev_charge_end=unknown, ev_webhook_count=0, max_discharge_a=60, max_charge_a=90, max_grid_charge_a=64, soc_limit_a=50, soc_power_w=2625, is_critical_soc=False
2026-01-29T17:10:00.205179+01:00,  soc=91.0,  volt=52.13,  volt_status=NORMAL, batt_w=2640.0,  batt_mode=discharge,  batt_discharge_w=2640.0,  batt_charge_w=0,  load_w=2580.0, zone=unknown,  grid_charge=off, rescue_active=on, ev_charging_active=off, ev_charge_end=unknown, ev_webhook_count=0, max_discharge_a=60, max_charge_a=90, max_grid_charge_a=64, soc_limit_a=50, soc_power_w=2625, is_critical_soc=False
2026-01-29T17:11:00.204468+01:00,  soc=91.0,  volt=52.13,  volt_status=NORMAL, batt_w=2640.0,  batt_mode=discharge,  batt_discharge_w=2640.0,  batt_charge_w=0,  load_w=2580.0, zone=unknown,  grid_charge=off, rescue_active=on, ev_charging_active=off, ev_charge_end=unknown, ev_webhook_count=0, max_discharge_a=60, max_charge_a=90, max_grid_charge_a=64, soc_limit_a=50, soc_power_w=2625, is_critical_soc=False
2026-01-29T17:12:00.204875+01:00,  soc=90.0,  volt=52.13,  volt_status=NORMAL, batt_w=2640.0,  batt_mode=discharge,  batt_discharge_w=2640.0,  batt_charge_w=0,  load_w=2580.0, zone=unknown,  grid_charge=off, rescue_active=on, ev_charging_active=off, ev_charge_end=unknown, ev_webhook_count=0, max_discharge_a=60, max_charge_a=90, max_grid_charge_a=64, soc_limit_a=50, soc_power_w=2625, is_critical_soc=False
2026-01-29T17:13:00.204324+01:00,  soc=90.0,  volt=52.13,  volt_status=NORMAL, batt_w=2541.0,  batt_mode=discharge,  batt_discharge_w=2541.0,  batt_charge_w=0,  load_w=2467.0, zone=unknown,  grid_charge=off, rescue_active=on, ev_charging_active=off, ev_charge_end=unknown, ev_webhook_count=0, max_discharge_a=60, max_charge_a=90, max_grid_charge_a=64, soc_limit_a=50, soc_power_w=2625, is_critical_soc=False
2026-01-29T17:14:00.205639+01:00,  soc=89.0,  volt=52.13,  volt_status=NORMAL, batt_w=2541.0,  batt_mode=discharge,  batt_discharge_w=2541.0,  batt_charge_w=0,  load_w=2467.0, zone=unknown,  grid_charge=off, rescue_active=on, ev_charging_active=off, ev_charge_end=unknown, ev_webhook_count=0, max_discharge_a=60, max_charge_a=90, max_grid_charge_a=64, soc_limit_a=50, soc_power_w=2625, is_critical_soc=False
2026-01-29T17:15:00.205535+01:00,  soc=89.0,  volt=52.16,  volt_status=NORMAL, batt_w=2674.0,  batt_mode=discharge,  batt_discharge_w=2674.0,  batt_charge_w=0,  load_w=2604.0, zone=unknown,  grid_charge=off, rescue_active=on, ev_charging_active=off, ev_charge_end=unknown, ev_webhook_count=0, max_discharge_a=60, max_charge_a=90, max_grid_charge_a=64, soc_limit_a=50, soc_power_w=2625, is_critical_soc=False
2026-01-29T17:16:00.205782+01:00,  soc=89.0,  volt=52.16,  volt_status=NORMAL, batt_w=2674.0,  batt_mode=discharge,  batt_discharge_w=2674.0,  batt_charge_w=0,  load_w=2604.0, zone=unknown,  grid_charge=off, rescue_active=on, ev_charging_active=off, ev_charge_end=unknown, ev_webhook_count=0, max_discharge_a=60, max_charge_a=90, max_grid_charge_a=64, soc_limit_a=50, soc_power_w=2625, is_critical_soc=False
2026-01-29T17:17:00.204501+01:00,  soc=88.0,  volt=52.16,  volt_status=NORMAL, batt_w=2674.0,  batt_mode=discharge,  batt_discharge_w=2674.0,  batt_charge_w=0,  load_w=2604.0, zone=unknown,  grid_charge=off, rescue_active=on, ev_charging_active=off, ev_charge_end=unknown, ev_webhook_count=0, max_discharge_a=60, max_charge_a=90, max_grid_charge_a=64, soc_limit_a=50, soc_power_w=2625, is_critical_soc=False
2026-01-29T17:18:00.205018+01:00,  soc=88.0,  volt=52.16,  volt_status=NORMAL, batt_w=2674.0,  batt_mode=discharge,  batt_discharge_w=2674.0,  batt_charge_w=0,  load_w=2598.0, zone=unknown,  grid_charge=off, rescue_active=on, ev_charging_active=off, ev_charge_end=unknown, ev_webhook_count=0, max_discharge_a=60, max_charge_a=90, max_grid_charge_a=64, soc_limit_a=50, soc_power_w=2625, is_critical_soc=False
2026-01-29T17:19:00.204989+01:00,  soc=87.0,  volt=52.16,  volt_status=NORMAL, batt_w=2674.0,  batt_mode=discharge,  batt_discharge_w=2674.0,  batt_charge_w=0,  load_w=2598.0, zone=unknown,  grid_charge=off, rescue_active=on, ev_charging_active=off, ev_charge_end=unknown, ev_webhook_count=0, max_discharge_a=60, max_charge_a=90, max_grid_charge_a=64, soc_limit_a=50, soc_power_w=2625, is_critical_soc=False
2026-01-29T17:20:00.204750+01:00,  soc=87.0,  volt=52.16,  volt_status=NORMAL, batt_w=2674.0,  batt_mode=discharge,  batt_discharge_w=2674.0,  batt_charge_w=0,  load_w=2598.0, zone=unknown,  grid_charge=off, rescue_active=on, ev_charging_active=off, ev_charge_end=unknown, ev_webhook_count=0, max_discharge_a=60, max_charge_a=90, max_grid_charge_a=64, soc_limit_a=50, soc_power_w=2625, is_critical_soc=False
2026-01-29T17:21:00.204760+01:00,  soc=86.0,  volt=52.16,  volt_status=NORMAL, batt_w=2674.0,  batt_mode=discharge,  batt_discharge_w=2674.0,  batt_charge_w=0,  load_w=2598.0, zone=unknown,  grid_charge=off, rescue_active=on, ev_charging_active=off, ev_charge_end=unknown, ev_webhook_count=0, max_discharge_a=60, max_charge_a=90, max_grid_charge_a=64, soc_limit_a=50, soc_power_w=2625, is_critical_soc=False
2026-01-29T17:22:00.205347+01:00,  soc=86.0,  volt=52.16,  volt_status=NORMAL, batt_w=2674.0,  batt_mode=discharge,  batt_discharge_w=2674.0,  batt_charge_w=0,  load_w=2598.0, zone=unknown,  grid_charge=off, rescue_active=on, ev_charging_active=off, ev_charge_end=unknown, ev_webhook_count=0, max_discharge_a=60, max_charge_a=90, max_grid_charge_a=64, soc_limit_a=50, soc_power_w=2625, is_critical_soc=False
2026-01-29T17:23:00.204421+01:00,  soc=85.0,  volt=52.16,  volt_status=NORMAL, batt_w=2674.0,  batt_mode=discharge,  batt_discharge_w=2674.0,  batt_charge_w=0,  load_w=2595.0, zone=unknown,  grid_charge=off, rescue_active=on, ev_charging_active=off, ev_charge_end=unknown, ev_webhook_count=0, max_discharge_a=60, max_charge_a=90, max_grid_charge_a=64, soc_limit_a=50, soc_power_w=2625, is_critical_soc=False
2026-01-29T17:24:00.204601+01:00,  soc=85.0,  volt=52.16,  volt_status=NORMAL, batt_w=2674.0,  batt_mode=discharge,  batt_discharge_w=2674.0,  batt_charge_w=0,  load_w=2595.0, zone=unknown,  grid_charge=off, rescue_active=on, ev_charging_active=off, ev_charge_end=unknown, ev_webhook_count=0, max_discharge_a=60, max_charge_a=90, max_grid_charge_a=64, soc_limit_a=50, soc_power_w=2625, is_critical_soc=False
2026-01-29T17:25:00.204632+01:00,  soc=84.0,  volt=52.15,  volt_status=NORMAL, batt_w=2672.0,  batt_mode=discharge,  batt_discharge_w=2672.0,  batt_charge_w=0,  load_w=2595.0, zone=unknown,  grid_charge=off, rescue_active=on, ev_charging_active=off, ev_charge_end=unknown, ev_webhook_count=0, max_discharge_a=60, max_charge_a=90, max_grid_charge_a=64, soc_limit_a=50, soc_power_w=2625, is_critical_soc=False
2026-01-29T17:26:00.204429+01:00,  soc=84.0,  volt=52.15,  volt_status=NORMAL, batt_w=2672.0,  batt_mode=discharge,  batt_discharge_w=2672.0,  batt_charge_w=0,  load_w=2595.0, zone=unknown,  grid_charge=off, rescue_active=on, ev_charging_active=off, ev_charge_end=unknown, ev_webhook_count=0, max_discharge_a=60, max_charge_a=90, max_grid_charge_a=64, soc_limit_a=50, soc_power_w=2625, is_critical_soc=False
2026-01-29T17:27:00.204868+01:00,  soc=83.0,  volt=52.15,  volt_status=NORMAL, batt_w=2672.0,  batt_mode=discharge,  batt_discharge_w=2672.0,  batt_charge_w=0,  load_w=2595.0, zone=unknown,  grid_charge=off, rescue_active=on, ev_charging_active=off, ev_charge_end=unknown, ev_webhook_count=0, max_discharge_a=60, max_charge_a=90, max_grid_charge_a=64, soc_limit_a=50, soc_power_w=2625, is_critical_soc=False
2026-01-29T17:28:00.204959+01:00,  soc=83.0,  volt=52.15,  volt_status=NORMAL, batt_w=2672.0,  batt_mode=discharge,  batt_discharge_w=2672.0,  batt_charge_w=0,  load_w=2595.0, zone=unknown,  grid_charge=off, rescue_active=on, ev_charging_active=off, ev_charge_end=unknown, ev_webhook_count=0, max_discharge_a=60, max_charge_a=90, max_grid_charge_a=64, soc_limit_a=50, soc_power_w=2625, is_critical_soc=False
2026-01-29T17:29:00.204933+01:00,  soc=82.0,  volt=52.15,  volt_status=NORMAL, batt_w=2672.0,  batt_mode=discharge,  batt_discharge_w=2672.0,  batt_charge_w=0,  load_w=2594.0, zone=unknown,  grid_charge=off, rescue_active=on, ev_charging_active=off, ev_charge_end=unknown, ev_webhook_count=0, max_discharge_a=60, max_charge_a=90, max_grid_charge_a=64, soc_limit_a=50, soc_power_w=2625, is_critical_soc=False
2026-01-29T17:30:00.205243+01:00,  soc=82.0,  volt=52.15,  volt_status=NORMAL, batt_w=2672.0,  batt_mode=discharge,  batt_discharge_w=2672.0,  batt_charge_w=0,  load_w=2594.0, zone=unknown,  grid_charge=off, rescue_active=on, ev_charging_active=off, ev_charge_end=unknown, ev_webhook_count=0, max_discharge_a=60, max_charge_a=90, max_grid_charge_a=64, soc_limit_a=50, soc_power_w=2625, is_critical_soc=False
2026-01-29T17:31:00.205134+01:00,  soc=82.0,  volt=52.15,  volt_status=NORMAL, batt_w=2672.0,  batt_mode=discharge,  batt_discharge_w=2672.0,  batt_charge_w=0,  load_w=2594.0, zone=unknown,  grid_charge=off, rescue_active=on, ev_charging_active=off, ev_charge_end=unknown, ev_webhook_count=0, max_discharge_a=60, max_charge_a=90, max_grid_charge_a=64, soc_limit_a=50, soc_power_w=2625, is_critical_soc=False
2026-01-29T17:32:00.204769+01:00,  soc=81.0,  volt=52.15,  volt_status=NORMAL, batt_w=2672.0,  batt_mode=discharge,  batt_discharge_w=2672.0,  batt_charge_w=0,  load_w=2594.0, zone=unknown,  grid_charge=off, rescue_active=on, ev_charging_active=off, ev_charge_end=unknown, ev_webhook_count=0, max_discharge_a=60, max_charge_a=90, max_grid_charge_a=64, soc_limit_a=50, soc_power_w=2625, is_critical_soc=False
2026-01-29T17:33:00.204500+01:00,  soc=81.0,  volt=52.15,  volt_status=NORMAL, batt_w=2672.0,  batt_mode=discharge,  batt_discharge_w=2672.0,  batt_charge_w=0,  load_w=2594.0, zone=unknown,  grid_charge=off, rescue_active=on, ev_charging_active=off, ev_charge_end=unknown, ev_webhook_count=0, max_discharge_a=60, max_charge_a=90, max_grid_charge_a=64, soc_limit_a=50, soc_power_w=2625, is_critical_soc=False
2026-01-29T17:34:00.204623+01:00,  soc=80.0,  volt=52.15,  volt_status=NORMAL, batt_w=2672.0,  batt_mode=discharge,  batt_discharge_w=2672.0,  batt_charge_w=0,  load_w=2642.0, zone=unknown,  grid_charge=off, rescue_active=on, ev_charging_active=off, ev_charge_end=unknown, ev_webhook_count=0, max_discharge_a=60, max_charge_a=90, max_grid_charge_a=64, soc_limit_a=50, soc_power_w=2625, is_critical_soc=False
2026-01-29T17:35:00.204867+01:00,  soc=80.0,  volt=52.05,  volt_status=NORMAL, batt_w=2710.0,  batt_mode=discharge,  batt_discharge_w=2710.0,  batt_charge_w=0,  load_w=2642.0, zone=unknown,  grid_charge=off, rescue_active=on, ev_charging_active=off, ev_charge_end=unknown, ev_webhook_count=0, max_discharge_a=60, max_charge_a=90, max_grid_charge_a=64, soc_limit_a=50, soc_power_w=2625, is_critical_soc=False
2026-01-29T17:36:00.207083+01:00,  soc=79.0,  volt=52.03,  volt_status=NORMAL, batt_w=2710.0,  batt_mode=discharge,  batt_discharge_w=2710.0,  batt_charge_w=0,  load_w=2642.0, zone=unknown,  grid_charge=off, rescue_active=on, ev_charging_active=off, ev_charge_end=unknown, ev_webhook_count=0, max_discharge_a=60, max_charge_a=90, max_grid_charge_a=64, soc_limit_a=50, soc_power_w=2625, is_critical_soc=False
2026-01-29T17:37:00.204993+01:00,  soc=79.0,  volt=52.03,  volt_status=NORMAL, batt_w=2737.0,  batt_mode=discharge,  batt_discharge_w=2737.0,  batt_charge_w=0,  load_w=2666.0, zone=unknown,  grid_charge=off, rescue_active=on, ev_charging_active=off, ev_charge_end=unknown, ev_webhook_count=0, max_discharge_a=60, max_charge_a=90, max_grid_charge_a=64, soc_limit_a=50, soc_power_w=2625, is_critical_soc=False
2026-01-29T17:38:00.204535+01:00,  soc=78.0,  volt=52.03,  volt_status=NORMAL, batt_w=2983.0,  batt_mode=discharge,  batt_discharge_w=2983.0,  batt_charge_w=0,  load_w=2666.0, zone=unknown,  grid_charge=off, rescue_active=on, ev_charging_active=off, ev_charge_end=unknown, ev_webhook_count=0, max_discharge_a=60, max_charge_a=90, max_grid_charge_a=64, soc_limit_a=50, soc_power_w=2625, is_critical_soc=False
2026-01-29T17:39:00.204621+01:00,  soc=78.0,  volt=52.03,  volt_status=NORMAL, batt_w=2685.0,  batt_mode=discharge,  batt_discharge_w=2685.0,  batt_charge_w=0,  load_w=2604.0, zone=unknown,  grid_charge=off, rescue_active=on, ev_charging_active=off, ev_charge_end=unknown, ev_webhook_count=0, max_discharge_a=60, max_charge_a=90, max_grid_charge_a=64, soc_limit_a=50, soc_power_w=2625, is_critical_soc=False
2026-01-29T17:40:00.205198+01:00,  soc=77.0,  volt=52.03,  volt_status=NORMAL, batt_w=2685.0,  batt_mode=discharge,  batt_discharge_w=2685.0,  batt_charge_w=0,  load_w=2604.0, zone=unknown,  grid_charge=off, rescue_active=on, ev_charging_active=off, ev_charge_end=unknown, ev_webhook_count=0, max_discharge_a=60, max_charge_a=90, max_grid_charge_a=64, soc_limit_a=50, soc_power_w=2625, is_critical_soc=False
2026-01-29T17:41:00.205759+01:00,  soc=77.0,  volt=52.03,  volt_status=NORMAL, batt_w=2895.0,  batt_mode=discharge,  batt_discharge_w=2895.0,  batt_charge_w=0,  load_w=2674.0, zone=unknown,  grid_charge=off, rescue_active=on, ev_charging_active=off, ev_charge_end=unknown, ev_webhook_count=0, max_discharge_a=60, max_charge_a=90, max_grid_charge_a=64, soc_limit_a=50, soc_power_w=2625, is_critical_soc=False
2026-01-29T17:42:00.205144+01:00,  soc=76.0,  volt=52.03,  volt_status=NORMAL, batt_w=2735.0,  batt_mode=discharge,  batt_discharge_w=2735.0,  batt_charge_w=0,  load_w=2674.0, zone=unknown,  grid_charge=off, rescue_active=on, ev_charging_active=off, ev_charge_end=unknown, ev_webhook_count=0, max_discharge_a=60, max_charge_a=90, max_grid_charge_a=64, soc_limit_a=50, soc_power_w=2625, is_critical_soc=False
2026-01-29T17:43:00.204731+01:00,  soc=76.0,  volt=51.91,  volt_status=NORMAL, batt_w=2735.0,  batt_mode=discharge,  batt_discharge_w=2735.0,  batt_charge_w=0,  load_w=2674.0, zone=unknown,  grid_charge=off, rescue_active=on, ev_charging_active=off, ev_charge_end=unknown, ev_webhook_count=0, max_discharge_a=60, max_charge_a=90, max_grid_charge_a=64, soc_limit_a=51, soc_power_w=2625, is_critical_soc=False
2026-01-29T17:44:00.204678+01:00,  soc=75.0,  volt=51.91,  volt_status=NORMAL, batt_w=2735.0,  batt_mode=discharge,  batt_discharge_w=2735.0,  batt_charge_w=0,  load_w=2674.0, zone=unknown,  grid_charge=off, rescue_active=on, ev_charging_active=off, ev_charge_end=unknown, ev_webhook_count=0, max_discharge_a=60, max_charge_a=90, max_grid_charge_a=64, soc_limit_a=51, soc_power_w=2625, is_critical_soc=False
2026-01-29T17:45:00.205290+01:00,  soc=75.0,  volt=51.82,  volt_status=NORMAL, batt_w=2756.0,  batt_mode=discharge,  batt_discharge_w=2756.0,  batt_charge_w=0,  load_w=2657.0, zone=unknown,  grid_charge=off, rescue_active=on, ev_charging_active=off, ev_charge_end=unknown, ev_webhook_count=0, max_discharge_a=60, max_charge_a=90, max_grid_charge_a=64, soc_limit_a=51, soc_power_w=2625, is_critical_soc=False
2026-01-29T17:46:00.205143+01:00,  soc=74.0,  volt=51.81,  volt_status=NORMAL, batt_w=2756.0,  batt_mode=discharge,  batt_discharge_w=2756.0,  batt_charge_w=0,  load_w=2657.0, zone=unknown,  grid_charge=off, rescue_active=on, ev_charging_active=off, ev_charge_end=unknown, ev_webhook_count=0, max_discharge_a=60, max_charge_a=90, max_grid_charge_a=64, soc_limit_a=51, soc_power_w=2625, is_critical_soc=False
2026-01-29T17:47:00.205152+01:00,  soc=74.0,  volt=51.81,  volt_status=NORMAL, batt_w=2756.0,  batt_mode=discharge,  batt_discharge_w=2756.0,  batt_charge_w=0,  load_w=2657.0, zone=unknown,  grid_charge=off, rescue_active=on, ev_charging_active=off, ev_charge_end=unknown, ev_webhook_count=0, max_discharge_a=60, max_charge_a=90, max_grid_charge_a=64, soc_limit_a=51, soc_power_w=2625, is_critical_soc=False
2026-01-29T17:48:00.205266+01:00,  soc=73.0,  volt=51.69,  volt_status=NORMAL, batt_w=2756.0,  batt_mode=discharge,  batt_discharge_w=2756.0,  batt_charge_w=0,  load_w=2657.0, zone=unknown,  grid_charge=off, rescue_active=on, ev_charging_active=off, ev_charge_end=unknown, ev_webhook_count=0, max_discharge_a=60, max_charge_a=90, max_grid_charge_a=64, soc_limit_a=51, soc_power_w=2625, is_critical_soc=False
2026-01-29T17:49:00.205130+01:00,  soc=73.0,  volt=51.69,  volt_status=NORMAL, batt_w=2756.0,  batt_mode=discharge,  batt_discharge_w=2756.0,  batt_charge_w=0,  load_w=2657.0, zone=unknown,  grid_charge=off, rescue_active=on, ev_charging_active=off, ev_charge_end=unknown, ev_webhook_count=0, max_discharge_a=60, max_charge_a=90, max_grid_charge_a=64, soc_limit_a=51, soc_power_w=2625, is_critical_soc=False
2026-01-29T17:50:00.204963+01:00,  soc=73.0,  volt=51.69,  volt_status=NORMAL, batt_w=2756.0,  batt_mode=discharge,  batt_discharge_w=2756.0,  batt_charge_w=0,  load_w=2657.0, zone=unknown,  grid_charge=off, rescue_active=on, ev_charging_active=off, ev_charge_end=unknown, ev_webhook_count=0, max_discharge_a=60, max_charge_a=90, max_grid_charge_a=64, soc_limit_a=51, soc_power_w=2625, is_critical_soc=False
2026-01-29T17:51:00.205993+01:00,  soc=72.0,  volt=51.69,  volt_status=NORMAL, batt_w=2756.0,  batt_mode=discharge,  batt_discharge_w=2756.0,  batt_charge_w=0,  load_w=2657.0, zone=unknown,  grid_charge=off, rescue_active=on, ev_charging_active=off, ev_charge_end=unknown, ev_webhook_count=0, max_discharge_a=60, max_charge_a=90, max_grid_charge_a=64, soc_limit_a=51, soc_power_w=2625, is_critical_soc=False
2026-01-29T17:52:00.204768+01:00,  soc=72.0,  volt=51.59,  volt_status=NORMAL, batt_w=2756.0,  batt_mode=discharge,  batt_discharge_w=2756.0,  batt_charge_w=0,  load_w=2657.0, zone=unknown,  grid_charge=off, rescue_active=on, ev_charging_active=off, ev_charge_end=unknown, ev_webhook_count=0, max_discharge_a=60, max_charge_a=90, max_grid_charge_a=64, soc_limit_a=51, soc_power_w=2625, is_critical_soc=False
2026-01-29T17:53:00.204548+01:00,  soc=71.0,  volt=51.59,  volt_status=NORMAL, batt_w=2756.0,  batt_mode=discharge,  batt_discharge_w=2756.0,  batt_charge_w=0,  load_w=2657.0, zone=unknown,  grid_charge=off, rescue_active=on, ev_charging_active=off, ev_charge_end=unknown, ev_webhook_count=0, max_discharge_a=60, max_charge_a=90, max_grid_charge_a=64, soc_limit_a=51, soc_power_w=2625, is_critical_soc=False
2026-01-29T17:54:00.205260+01:00,  soc=71.0,  volt=51.59,  volt_status=NORMAL, batt_w=2756.0,  batt_mode=discharge,  batt_discharge_w=2756.0,  batt_charge_w=0,  load_w=2657.0, zone=unknown,  grid_charge=off, rescue_active=on, ev_charging_active=off, ev_charge_end=unknown, ev_webhook_count=0, max_discharge_a=60, max_charge_a=90, max_grid_charge_a=64, soc_limit_a=51, soc_power_w=2625, is_critical_soc=False
2026-01-29T17:55:00.205632+01:00,  soc=70.0,  volt=51.54,  volt_status=NORMAL, batt_w=2737.0,  batt_mode=discharge,  batt_discharge_w=2737.0,  batt_charge_w=0,  load_w=2668.0, zone=unknown,  grid_charge=off, rescue_active=on, ev_charging_active=off, ev_charge_end=unknown, ev_webhook_count=0, max_discharge_a=60, max_charge_a=90, max_grid_charge_a=64, soc_limit_a=51, soc_power_w=2625, is_critical_soc=False
2026-01-29T17:56:00.204917+01:00,  soc=70.0,  volt=51.54,  volt_status=NORMAL, batt_w=2737.0,  batt_mode=discharge,  batt_discharge_w=2737.0,  batt_charge_w=0,  load_w=2668.0, zone=unknown,  grid_charge=off, rescue_active=on, ev_charging_active=off, ev_charge_end=unknown, ev_webhook_count=0, max_discharge_a=60, max_charge_a=90, max_grid_charge_a=64, soc_limit_a=51, soc_power_w=2625, is_critical_soc=False
2026-01-29T17:57:00.204886+01:00,  soc=69.0,  volt=51.54,  volt_status=NORMAL, batt_w=2737.0,  batt_mode=discharge,  batt_discharge_w=2737.0,  batt_charge_w=0,  load_w=2668.0, zone=unknown,  grid_charge=off, rescue_active=on, ev_charging_active=off, ev_charge_end=unknown, ev_webhook_count=0, max_discharge_a=60, max_charge_a=90, max_grid_charge_a=64, soc_limit_a=51, soc_power_w=2625, is_critical_soc=False
2026-01-29T17:58:00.204960+01:00,  soc=69.0,  volt=51.54,  volt_status=NORMAL, batt_w=2737.0,  batt_mode=discharge,  batt_discharge_w=2737.0,  batt_charge_w=0,  load_w=2668.0, zone=unknown,  grid_charge=off, rescue_active=on, ev_charging_active=off, ev_charge_end=unknown, ev_webhook_count=0, max_discharge_a=60, max_charge_a=90, max_grid_charge_a=64, soc_limit_a=51, soc_power_w=2625, is_critical_soc=False
2026-01-29T17:59:00.204421+01:00,  soc=68.0,  volt=51.54,  volt_status=NORMAL, batt_w=2737.0,  batt_mode=discharge,  batt_discharge_w=2737.0,  batt_charge_w=0,  load_w=2668.0, zone=unknown,  grid_charge=off, rescue_active=on, ev_charging_active=off, ev_charge_end=unknown, ev_webhook_count=0, max_discharge_a=60, max_charge_a=90, max_grid_charge_a=64, soc_limit_a=51, soc_power_w=2625, is_critical_soc=False
2026-01-29T18:00:00.205309+01:00,  soc=68.0,  volt=51.54,  volt_status=NORMAL, batt_w=2737.0,  batt_mode=discharge,  batt_discharge_w=2737.0,  batt_charge_w=0,  load_w=2668.0, zone=unknown,  grid_charge=off, rescue_active=on, ev_charging_active=off, ev_charge_end=unknown, ev_webhook_count=0, max_discharge_a=60, max_charge_a=90, max_grid_charge_a=64, soc_limit_a=51, soc_power_w=2625, is_critical_soc=False
2026-01-29T18:01:00.204139+01:00,  soc=67.0,  volt=51.54,  volt_status=NORMAL, batt_w=2737.0,  batt_mode=discharge,  batt_discharge_w=2737.0,  batt_charge_w=0,  load_w=2662.0, zone=unknown,  grid_charge=off, rescue_active=on, ev_charging_active=off, ev_charge_end=unknown, ev_webhook_count=0, max_discharge_a=60, max_charge_a=90, max_grid_charge_a=64, soc_limit_a=51, soc_power_w=2625, is_critical_soc=False
2026-01-29T18:02:00.204588+01:00,  soc=67.0,  volt=51.54,  volt_status=NORMAL, batt_w=2737.0,  batt_mode=discharge,  batt_discharge_w=2737.0,  batt_charge_w=0,  load_w=2662.0, zone=unknown,  grid_charge=off, rescue_active=on, ev_charging_active=off, ev_charge_end=unknown, ev_webhook_count=0, max_discharge_a=60, max_charge_a=90, max_grid_charge_a=64, soc_limit_a=51, soc_power_w=2625, is_critical_soc=False
2026-01-29T18:03:00.204922+01:00,  soc=66.0,  volt=51.54,  volt_status=NORMAL, batt_w=2737.0,  batt_mode=discharge,  batt_discharge_w=2737.0,  batt_charge_w=0,  load_w=2662.0, zone=unknown,  grid_charge=off, rescue_active=on, ev_charging_active=off, ev_charge_end=unknown, ev_webhook_count=0, max_discharge_a=60, max_charge_a=90, max_grid_charge_a=64, soc_limit_a=51, soc_power_w=2625, is_critical_soc=False
2026-01-29T18:04:00.204615+01:00,  soc=66.0,  volt=51.54,  volt_status=NORMAL, batt_w=2737.0,  batt_mode=discharge,  batt_discharge_w=2737.0,  batt_charge_w=0,  load_w=2662.0, zone=unknown,  grid_charge=off, rescue_active=on, ev_charging_active=off, ev_charge_end=unknown, ev_webhook_count=0, max_discharge_a=60, max_charge_a=90, max_grid_charge_a=64, soc_limit_a=51, soc_power_w=2625, is_critical_soc=False
2026-01-29T18:05:00.204946+01:00,  soc=65.0,  volt=51.5,  volt_status=NORMAL, batt_w=2736.0,  batt_mode=discharge,  batt_discharge_w=2736.0,  batt_charge_w=0,  load_w=2662.0, zone=unknown,  grid_charge=off, rescue_active=on, ev_charging_active=off, ev_charge_end=unknown, ev_webhook_count=0, max_discharge_a=60, max_charge_a=90, max_grid_charge_a=64, soc_limit_a=51, soc_power_w=2625, is_critical_soc=False
2026-01-29T18:06:00.204419+01:00,  soc=65.0,  volt=51.5,  volt_status=NORMAL, batt_w=2736.0,  batt_mode=discharge,  batt_discharge_w=2736.0,  batt_charge_w=0,  load_w=2659.0, zone=unknown,  grid_charge=off, rescue_active=on, ev_charging_active=off, ev_charge_end=unknown, ev_webhook_count=0, max_discharge_a=60, max_charge_a=90, max_grid_charge_a=64, soc_limit_a=51, soc_power_w=2625, is_critical_soc=False
2026-01-29T18:07:00.204341+01:00,  soc=64.0,  volt=51.49,  volt_status=NORMAL, batt_w=2736.0,  batt_mode=discharge,  batt_discharge_w=2736.0,  batt_charge_w=0,  load_w=2659.0, zone=unknown,  grid_charge=off, rescue_active=on, ev_charging_active=off, ev_charge_end=unknown, ev_webhook_count=0, max_discharge_a=60, max_charge_a=90, max_grid_charge_a=64, soc_limit_a=51, soc_power_w=2625, is_critical_soc=False
2026-01-29T18:08:00.205151+01:00,  soc=64.0,  volt=51.49,  volt_status=NORMAL, batt_w=2736.0,  batt_mode=discharge,  batt_discharge_w=2736.0,  batt_charge_w=0,  load_w=2659.0, zone=unknown,  grid_charge=off, rescue_active=on, ev_charging_active=off, ev_charge_end=unknown, ev_webhook_count=0, max_discharge_a=60, max_charge_a=90, max_grid_charge_a=64, soc_limit_a=51, soc_power_w=2625, is_critical_soc=False
2026-01-29T18:09:00.206142+01:00,  soc=63.0,  volt=51.49,  volt_status=NORMAL, batt_w=2736.0,  batt_mode=discharge,  batt_discharge_w=2736.0,  batt_charge_w=0,  load_w=2659.0, zone=unknown,  grid_charge=off, rescue_active=on, ev_charging_active=off, ev_charge_end=unknown, ev_webhook_count=0, max_discharge_a=60, max_charge_a=90, max_grid_charge_a=64, soc_limit_a=51, soc_power_w=2625, is_critical_soc=False
2026-01-29T18:10:00.204561+01:00,  soc=63.0,  volt=51.49,  volt_status=NORMAL, batt_w=2736.0,  batt_mode=discharge,  batt_discharge_w=2736.0,  batt_charge_w=0,  load_w=2659.0, zone=unknown,  grid_charge=off, rescue_active=on, ev_charging_active=off, ev_charge_end=unknown, ev_webhook_count=0, max_discharge_a=60, max_charge_a=90, max_grid_charge_a=64, soc_limit_a=51, soc_power_w=2625, is_critical_soc=False
2026-01-29T18:11:00.204692+01:00,  soc=63.0,  volt=51.49,  volt_status=NORMAL, batt_w=2736.0,  batt_mode=discharge,  batt_discharge_w=2736.0,  batt_charge_w=0,  load_w=2658.0, zone=unknown,  grid_charge=off, rescue_active=on, ev_charging_active=off, ev_charge_end=unknown, ev_webhook_count=0, max_discharge_a=60, max_charge_a=90, max_grid_charge_a=64, soc_limit_a=51, soc_power_w=2625, is_critical_soc=False
2026-01-29T18:12:00.205931+01:00,  soc=62.0,  volt=51.49,  volt_status=NORMAL, batt_w=2736.0,  batt_mode=discharge,  batt_discharge_w=2736.0,  batt_charge_w=0,  load_w=2658.0, zone=unknown,  grid_charge=off, rescue_active=on, ev_charging_active=off, ev_charge_end=unknown, ev_webhook_count=0, max_discharge_a=60, max_charge_a=90, max_grid_charge_a=64, soc_limit_a=51, soc_power_w=2625, is_critical_soc=False
2026-01-29T18:13:00.204292+01:00,  soc=62.0,  volt=51.49,  volt_status=NORMAL, batt_w=2811.0,  batt_mode=discharge,  batt_discharge_w=2811.0,  batt_charge_w=0,  load_w=2658.0, zone=unknown,  grid_charge=off, rescue_active=on, ev_charging_active=off, ev_charge_end=unknown, ev_webhook_count=0, max_discharge_a=60, max_charge_a=90, max_grid_charge_a=64, soc_limit_a=51, soc_power_w=2625, is_critical_soc=False
2026-01-29T18:14:00.205866+01:00,  soc=61.0,  volt=51.49,  volt_status=NORMAL, batt_w=2811.0,  batt_mode=discharge,  batt_discharge_w=2811.0,  batt_charge_w=0,  load_w=2658.0, zone=unknown,  grid_charge=off, rescue_active=on, ev_charging_active=off, ev_charge_end=unknown, ev_webhook_count=0, max_discharge_a=60, max_charge_a=90, max_grid_charge_a=64, soc_limit_a=51, soc_power_w=2625, is_critical_soc=False
2026-01-29T18:15:00.205904+01:00,  soc=61.0,  volt=51.48,  volt_status=NORMAL, batt_w=2779.0,  batt_mode=discharge,  batt_discharge_w=2779.0,  batt_charge_w=0,  load_w=2658.0, zone=unknown,  grid_charge=off, rescue_active=on, ev_charging_active=off, ev_charge_end=unknown, ev_webhook_count=0, max_discharge_a=60, max_charge_a=90, max_grid_charge_a=64, soc_limit_a=51, soc_power_w=2625, is_critical_soc=False
2026-01-29T18:16:00.205086+01:00,  soc=60.0,  volt=51.48,  volt_status=NORMAL, batt_w=2779.0,  batt_mode=discharge,  batt_discharge_w=2779.0,  batt_charge_w=0,  load_w=2658.0, zone=unknown,  grid_charge=off, rescue_active=on, ev_charging_active=off, ev_charge_end=unknown, ev_webhook_count=0, max_discharge_a=60, max_charge_a=90, max_grid_charge_a=64, soc_limit_a=51, soc_power_w=2625, is_critical_soc=False
2026-01-29T18:17:00.205014+01:00,  soc=60.0,  volt=51.48,  volt_status=NORMAL, batt_w=2779.0,  batt_mode=discharge,  batt_discharge_w=2779.0,  batt_charge_w=0,  load_w=2701.0, zone=unknown,  grid_charge=off, rescue_active=on, ev_charging_active=off, ev_charge_end=unknown, ev_webhook_count=0, max_discharge_a=60, max_charge_a=90, max_grid_charge_a=64, soc_limit_a=51, soc_power_w=2625, is_critical_soc=False
2026-01-29T18:18:00.204464+01:00,  soc=59.0,  volt=51.48,  volt_status=NORMAL, batt_w=2779.0,  batt_mode=discharge,  batt_discharge_w=2779.0,  batt_charge_w=0,  load_w=2701.0, zone=unknown,  grid_charge=off, rescue_active=on, ev_charging_active=off, ev_charge_end=unknown, ev_webhook_count=0, max_discharge_a=60, max_charge_a=90, max_grid_charge_a=64, soc_limit_a=51, soc_power_w=2625, is_critical_soc=False
2026-01-29T18:19:00.204450+01:00,  soc=59.0,  volt=51.48,  volt_status=NORMAL, batt_w=2779.0,  batt_mode=discharge,  batt_discharge_w=2779.0,  batt_charge_w=0,  load_w=2701.0, zone=unknown,  grid_charge=off, rescue_active=on, ev_charging_active=off, ev_charge_end=unknown, ev_webhook_count=0, max_discharge_a=60, max_charge_a=90, max_grid_charge_a=64, soc_limit_a=51, soc_power_w=2625, is_critical_soc=False
2026-01-29T18:20:00.204931+01:00,  soc=58.0,  volt=51.48,  volt_status=NORMAL, batt_w=2779.0,  batt_mode=discharge,  batt_discharge_w=2779.0,  batt_charge_w=0,  load_w=2701.0, zone=unknown,  grid_charge=off, rescue_active=on, ev_charging_active=off, ev_charge_end=unknown, ev_webhook_count=0, max_discharge_a=60, max_charge_a=90, max_grid_charge_a=64, soc_limit_a=51, soc_power_w=2625, is_critical_soc=False
2026-01-29T18:21:00.204643+01:00,  soc=58.0,  volt=51.48,  volt_status=NORMAL, batt_w=2738.0,  batt_mode=discharge,  batt_discharge_w=2738.0,  batt_charge_w=0,  load_w=2701.0, zone=unknown,  grid_charge=off, rescue_active=on, ev_charging_active=off, ev_charge_end=unknown, ev_webhook_count=0, max_discharge_a=60, max_charge_a=90, max_grid_charge_a=64, soc_limit_a=51, soc_power_w=2625, is_critical_soc=False
2026-01-29T18:22:00.204569+01:00,  soc=57.0,  volt=51.48,  volt_status=NORMAL, batt_w=2738.0,  batt_mode=discharge,  batt_discharge_w=2738.0,  batt_charge_w=0,  load_w=2663.0, zone=unknown,  grid_charge=off, rescue_active=on, ev_charging_active=off, ev_charge_end=unknown, ev_webhook_count=0, max_discharge_a=60, max_charge_a=90, max_grid_charge_a=64, soc_limit_a=51, soc_power_w=2625, is_critical_soc=False
2026-01-29T18:23:00.204967+01:00,  soc=57.0,  volt=51.48,  volt_status=NORMAL, batt_w=2738.0,  batt_mode=discharge,  batt_discharge_w=2738.0,  batt_charge_w=0,  load_w=2663.0, zone=unknown,  grid_charge=off, rescue_active=on, ev_charging_active=off, ev_charge_end=unknown, ev_webhook_count=0, max_discharge_a=60, max_charge_a=90, max_grid_charge_a=64, soc_limit_a=51, soc_power_w=2625, is_critical_soc=False
2026-01-29T18:24:00.204391+01:00,  soc=56.0,  volt=51.48,  volt_status=NORMAL, batt_w=2738.0,  batt_mode=discharge,  batt_discharge_w=2738.0,  batt_charge_w=0,  load_w=2663.0, zone=unknown,  grid_charge=off, rescue_active=on, ev_charging_active=off, ev_charge_end=unknown, ev_webhook_count=0, max_discharge_a=60, max_charge_a=90, max_grid_charge_a=64, soc_limit_a=51, soc_power_w=2625, is_critical_soc=False
2026-01-29T18:25:00.205003+01:00,  soc=56.0,  volt=51.47,  volt_status=NORMAL, batt_w=2747.0,  batt_mode=discharge,  batt_discharge_w=2747.0,  batt_charge_w=0,  load_w=2663.0, zone=unknown,  grid_charge=off, rescue_active=on, ev_charging_active=off, ev_charge_end=unknown, ev_webhook_count=0, max_discharge_a=60, max_charge_a=90, max_grid_charge_a=64, soc_limit_a=51, soc_power_w=2625, is_critical_soc=False
2026-01-29T18:26:00.205370+01:00,  soc=55.0,  volt=51.47,  volt_status=NORMAL, batt_w=2747.0,  batt_mode=discharge,  batt_discharge_w=2747.0,  batt_charge_w=0,  load_w=2663.0, zone=unknown,  grid_charge=off, rescue_active=on, ev_charging_active=off, ev_charge_end=unknown, ev_webhook_count=0, max_discharge_a=60, max_charge_a=90, max_grid_charge_a=64, soc_limit_a=51, soc_power_w=2625, is_critical_soc=False
2026-01-29T18:27:00.204346+01:00,  soc=55.0,  volt=51.47,  volt_status=NORMAL, batt_w=2747.0,  batt_mode=discharge,  batt_discharge_w=2747.0,  batt_charge_w=0,  load_w=2667.0, zone=unknown,  grid_charge=off, rescue_active=on, ev_charging_active=off, ev_charge_end=unknown, ev_webhook_count=0, max_discharge_a=60, max_charge_a=90, max_grid_charge_a=64, soc_limit_a=51, soc_power_w=2625, is_critical_soc=False
2026-01-29T18:28:00.204429+01:00,  soc=54.0,  volt=51.47,  volt_status=NORMAL, batt_w=2747.0,  batt_mode=discharge,  batt_discharge_w=2747.0,  batt_charge_w=0,  load_w=2667.0, zone=unknown,  grid_charge=off, rescue_active=on, ev_charging_active=off, ev_charge_end=unknown, ev_webhook_count=0, max_discharge_a=60, max_charge_a=90, max_grid_charge_a=64, soc_limit_a=51, soc_power_w=2625, is_critical_soc=False
2026-01-29T18:29:00.204856+01:00,  soc=54.0,  volt=51.47,  volt_status=NORMAL, batt_w=2639.0,  batt_mode=discharge,  batt_discharge_w=2639.0,  batt_charge_w=0,  load_w=2557.0, zone=unknown,  grid_charge=off, rescue_active=on, ev_charging_active=off, ev_charge_end=unknown, ev_webhook_count=0, max_discharge_a=60, max_charge_a=90, max_grid_charge_a=64, soc_limit_a=51, soc_power_w=2625, is_critical_soc=False
2026-01-29T18:30:00.204853+01:00,  soc=53.0,  volt=51.47,  volt_status=NORMAL, batt_w=2639.0,  batt_mode=discharge,  batt_discharge_w=2639.0,  batt_charge_w=0,  load_w=2557.0, zone=unknown,  grid_charge=off, rescue_active=on, ev_charging_active=off, ev_charge_end=unknown, ev_webhook_count=0, max_discharge_a=60, max_charge_a=90, max_grid_charge_a=64, soc_limit_a=51, soc_power_w=2625, is_critical_soc=False
2026-01-29T18:31:00.204563+01:00,  soc=53.0,  volt=51.47,  volt_status=NORMAL, batt_w=2639.0,  batt_mode=discharge,  batt_discharge_w=2639.0,  batt_charge_w=0,  load_w=2557.0, zone=unknown,  grid_charge=off, rescue_active=on, ev_charging_active=off, ev_charge_end=unknown, ev_webhook_count=0, max_discharge_a=60, max_charge_a=90, max_grid_charge_a=64, soc_limit_a=51, soc_power_w=2625, is_critical_soc=False
2026-01-29T18:32:00.204455+01:00,  soc=52.0,  volt=51.47,  volt_status=NORMAL, batt_w=2639.0,  batt_mode=discharge,  batt_discharge_w=2639.0,  batt_charge_w=0,  load_w=2557.0, zone=unknown,  grid_charge=off, rescue_active=on, ev_charging_active=off, ev_charge_end=unknown, ev_webhook_count=0, max_discharge_a=60, max_charge_a=90, max_grid_charge_a=64, soc_limit_a=51, soc_power_w=2625, is_critical_soc=False
2026-01-29T18:33:00.205935+01:00,  soc=52.0,  volt=51.47,  volt_status=NORMAL, batt_w=2639.0,  batt_mode=discharge,  batt_discharge_w=2639.0,  batt_charge_w=0,  load_w=2564.0, zone=unknown,  grid_charge=off, rescue_active=on, ev_charging_active=off, ev_charge_end=unknown, ev_webhook_count=0, max_discharge_a=60, max_charge_a=90, max_grid_charge_a=64, soc_limit_a=51, soc_power_w=2625, is_critical_soc=False
2026-01-29T18:34:00.204905+01:00,  soc=51.0,  volt=51.47,  volt_status=NORMAL, batt_w=2639.0,  batt_mode=discharge,  batt_discharge_w=2639.0,  batt_charge_w=0,  load_w=2564.0, zone=unknown,  grid_charge=off, rescue_active=on, ev_charging_active=off, ev_charge_end=unknown, ev_webhook_count=0, max_discharge_a=60, max_charge_a=90, max_grid_charge_a=64, soc_limit_a=51, soc_power_w=2625, is_critical_soc=False
2026-01-29T18:35:00.204397+01:00,  soc=51.0,  volt=51.45,  volt_status=NORMAL, batt_w=2641.0,  batt_mode=discharge,  batt_discharge_w=2641.0,  batt_charge_w=0,  load_w=2564.0, zone=unknown,  grid_charge=off, rescue_active=on, ev_charging_active=off, ev_charge_end=unknown, ev_webhook_count=0, max_discharge_a=60, max_charge_a=90, max_grid_charge_a=64, soc_limit_a=51, soc_power_w=2625, is_critical_soc=False
2026-01-29T18:36:00.204728+01:00,  soc=51.0,  volt=51.45,  volt_status=NORMAL, batt_w=2641.0,  batt_mode=discharge,  batt_discharge_w=2641.0,  batt_charge_w=0,  load_w=2564.0, zone=unknown,  grid_charge=off, rescue_active=on, ev_charging_active=off, ev_charge_end=unknown, ev_webhook_count=0, max_discharge_a=60, max_charge_a=90, max_grid_charge_a=64, soc_limit_a=51, soc_power_w=2625, is_critical_soc=False
2026-01-29T18:37:00.204635+01:00,  soc=50.0,  volt=51.45,  volt_status=NORMAL, batt_w=2641.0,  batt_mode=discharge,  batt_discharge_w=2641.0,  batt_charge_w=0,  load_w=2564.0, zone=unknown,  grid_charge=off, rescue_active=on, ev_charging_active=off, ev_charge_end=unknown, ev_webhook_count=0, max_discharge_a=60, max_charge_a=90, max_grid_charge_a=64, soc_limit_a=51, soc_power_w=2625, is_critical_soc=False
2026-01-29T18:38:00.204552+01:00,  soc=50.0,  volt=51.45,  volt_status=NORMAL, batt_w=2641.0,  batt_mode=discharge,  batt_discharge_w=2641.0,  batt_charge_w=0,  load_w=2566.0, zone=unknown,  grid_charge=off, rescue_active=on, ev_charging_active=off, ev_charge_end=unknown, ev_webhook_count=0, max_discharge_a=60, max_charge_a=90, max_grid_charge_a=64, soc_limit_a=51, soc_power_w=2625, is_critical_soc=False
2026-01-29T18:39:00.204683+01:00,  soc=49.0,  volt=51.45,  volt_status=NORMAL, batt_w=2641.0,  batt_mode=discharge,  batt_discharge_w=2641.0,  batt_charge_w=0,  load_w=2566.0, zone=unknown,  grid_charge=off, rescue_active=on, ev_charging_active=off, ev_charge_end=unknown, ev_webhook_count=0, max_discharge_a=60, max_charge_a=90, max_grid_charge_a=64, soc_limit_a=51, soc_power_w=2625, is_critical_soc=False
2026-01-29T18:40:00.205118+01:00,  soc=49.0,  volt=51.45,  volt_status=NORMAL, batt_w=2641.0,  batt_mode=discharge,  batt_discharge_w=2641.0,  batt_charge_w=0,  load_w=2566.0, zone=unknown,  grid_charge=off, rescue_active=on, ev_charging_active=off, ev_charge_end=unknown, ev_webhook_count=0, max_discharge_a=60, max_charge_a=90, max_grid_charge_a=64, soc_limit_a=51, soc_power_w=2625, is_critical_soc=False
2026-01-29T18:41:00.204350+01:00,  soc=48.0,  volt=51.45,  volt_status=NORMAL, batt_w=2641.0,  batt_mode=discharge,  batt_discharge_w=2641.0,  batt_charge_w=0,  load_w=2566.0, zone=unknown,  grid_charge=off, rescue_active=on, ev_charging_active=off, ev_charge_end=unknown, ev_webhook_count=0, max_discharge_a=60, max_charge_a=90, max_grid_charge_a=64, soc_limit_a=51, soc_power_w=2625, is_critical_soc=False
2026-01-29T18:42:00.205092+01:00,  soc=48.0,  volt=51.45,  volt_status=NORMAL, batt_w=2641.0,  batt_mode=discharge,  batt_discharge_w=2641.0,  batt_charge_w=0,  load_w=2566.0, zone=unknown,  grid_charge=off, rescue_active=on, ev_charging_active=off, ev_charge_end=unknown, ev_webhook_count=0, max_discharge_a=60, max_charge_a=90, max_grid_charge_a=64, soc_limit_a=51, soc_power_w=2625, is_critical_soc=False
2026-01-29T18:43:00.204657+01:00,  soc=47.0,  volt=51.39,  volt_status=NORMAL, batt_w=2641.0,  batt_mode=discharge,  batt_discharge_w=2641.0,  batt_charge_w=0,  load_w=2562.0, zone=unknown,  grid_charge=off, rescue_active=on, ev_charging_active=off, ev_charge_end=unknown, ev_webhook_count=0, max_discharge_a=60, max_charge_a=90, max_grid_charge_a=64, soc_limit_a=51, soc_power_w=2625, is_critical_soc=False
2026-01-29T18:44:00.204458+01:00,  soc=47.0,  volt=51.39,  volt_status=NORMAL, batt_w=2641.0,  batt_mode=discharge,  batt_discharge_w=2641.0,  batt_charge_w=0,  load_w=2562.0, zone=unknown,  grid_charge=off, rescue_active=on, ev_charging_active=off, ev_charge_end=unknown, ev_webhook_count=0, max_discharge_a=60, max_charge_a=90, max_grid_charge_a=64, soc_limit_a=51, soc_power_w=2625, is_critical_soc=False
2026-01-29T18:45:00.204957+01:00,  soc=46.0,  volt=51.38,  volt_status=NORMAL, batt_w=2647.0,  batt_mode=discharge,  batt_discharge_w=2647.0,  batt_charge_w=0,  load_w=2562.0, zone=unknown,  grid_charge=off, rescue_active=on, ev_charging_active=off, ev_charge_end=unknown, ev_webhook_count=0, max_discharge_a=60, max_charge_a=90, max_grid_charge_a=64, soc_limit_a=51, soc_power_w=2625, is_critical_soc=False
2026-01-29T18:46:00.204192+01:00,  soc=46.0,  volt=51.38,  volt_status=NORMAL, batt_w=2647.0,  batt_mode=discharge,  batt_discharge_w=2647.0,  batt_charge_w=0,  load_w=2562.0, zone=unknown,  grid_charge=off, rescue_active=on, ev_charging_active=off, ev_charge_end=unknown, ev_webhook_count=0, max_discharge_a=60, max_charge_a=90, max_grid_charge_a=64, soc_limit_a=51, soc_power_w=2625, is_critical_soc=False
2026-01-29T18:47:00.204951+01:00,  soc=46.0,  volt=51.38,  volt_status=NORMAL, batt_w=2647.0,  batt_mode=discharge,  batt_discharge_w=2647.0,  batt_charge_w=0,  load_w=2562.0, zone=unknown,  grid_charge=off, rescue_active=on, ev_charging_active=off, ev_charge_end=unknown, ev_webhook_count=0, max_discharge_a=60, max_charge_a=90, max_grid_charge_a=64, soc_limit_a=51, soc_power_w=2625, is_critical_soc=False
2026-01-29T18:48:00.205833+01:00,  soc=45.0,  volt=51.38,  volt_status=NORMAL, batt_w=2647.0,  batt_mode=discharge,  batt_discharge_w=2647.0,  batt_charge_w=0,  load_w=2562.0, zone=unknown,  grid_charge=off, rescue_active=on, ev_charging_active=off, ev_charge_end=unknown, ev_webhook_count=0, max_discharge_a=60, max_charge_a=90, max_grid_charge_a=64, soc_limit_a=51, soc_power_w=2625, is_critical_soc=False
2026-01-29T18:49:00.206255+01:00,  soc=45.0,  volt=51.38,  volt_status=NORMAL, batt_w=2647.0,  batt_mode=discharge,  batt_discharge_w=2647.0,  batt_charge_w=0,  load_w=2566.0, zone=unknown,  grid_charge=off, rescue_active=on, ev_charging_active=off, ev_charge_end=unknown, ev_webhook_count=0, max_discharge_a=60, max_charge_a=90, max_grid_charge_a=64, soc_limit_a=51, soc_power_w=2625, is_critical_soc=False
2026-01-29T18:50:00.204977+01:00,  soc=44.0,  volt=51.38,  volt_status=NORMAL, batt_w=2510.0,  batt_mode=discharge,  batt_discharge_w=2510.0,  batt_charge_w=0,  load_w=2566.0, zone=unknown,  grid_charge=off, rescue_active=on, ev_charging_active=off, ev_charge_end=unknown, ev_webhook_count=0, max_discharge_a=51, max_charge_a=90, max_grid_charge_a=64, soc_limit_a=49, soc_power_w=2508, is_critical_soc=False
2026-01-29T18:51:00.204911+01:00,  soc=44.0,  volt=51.38,  volt_status=NORMAL, batt_w=2510.0,  batt_mode=discharge,  batt_discharge_w=2510.0,  batt_charge_w=0,  load_w=2566.0, zone=unknown,  grid_charge=off, rescue_active=on, ev_charging_active=off, ev_charge_end=unknown, ev_webhook_count=0, max_discharge_a=51, max_charge_a=90, max_grid_charge_a=64, soc_limit_a=49, soc_power_w=2508, is_critical_soc=False
2026-01-29T18:52:00.205388+01:00,  soc=43.0,  volt=51.38,  volt_status=NORMAL, batt_w=2367.0,  batt_mode=discharge,  batt_discharge_w=2367.0,  batt_charge_w=0,  load_w=2566.0, zone=unknown,  grid_charge=off, rescue_active=on, ev_charging_active=off, ev_charge_end=unknown, ev_webhook_count=0, max_discharge_a=48, max_charge_a=90, max_grid_charge_a=64, soc_limit_a=47, soc_power_w=2395, is_critical_soc=False
2026-01-29T18:53:00.205064+01:00,  soc=43.0,  volt=51.38,  volt_status=NORMAL, batt_w=2367.0,  batt_mode=discharge,  batt_discharge_w=2367.0,  batt_charge_w=0,  load_w=2566.0, zone=unknown,  grid_charge=off, rescue_active=on, ev_charging_active=off, ev_charge_end=unknown, ev_webhook_count=0, max_discharge_a=48, max_charge_a=90, max_grid_charge_a=64, soc_limit_a=47, soc_power_w=2395, is_critical_soc=False
2026-01-29T18:54:00.204605+01:00,  soc=42.0,  volt=51.38,  volt_status=NORMAL, batt_w=2367.0,  batt_mode=discharge,  batt_discharge_w=2367.0,  batt_charge_w=0,  load_w=2580.0, zone=unknown,  grid_charge=off, rescue_active=on, ev_charging_active=off, ev_charge_end=unknown, ev_webhook_count=0, max_discharge_a=46, max_charge_a=90, max_grid_charge_a=64, soc_limit_a=44, soc_power_w=2286, is_critical_soc=False
2026-01-29T18:55:00.204685+01:00,  soc=42.0,  volt=51.38,  volt_status=NORMAL, batt_w=2270.0,  batt_mode=discharge,  batt_discharge_w=2270.0,  batt_charge_w=0,  load_w=2580.0, zone=unknown,  grid_charge=off, rescue_active=on, ev_charging_active=off, ev_charge_end=unknown, ev_webhook_count=0, max_discharge_a=46, max_charge_a=90, max_grid_charge_a=64, soc_limit_a=44, soc_power_w=2286, is_critical_soc=False
2026-01-29T18:56:00.205804+01:00,  soc=42.0,  volt=51.43,  volt_status=NORMAL, batt_w=2270.0,  batt_mode=discharge,  batt_discharge_w=2270.0,  batt_charge_w=0,  load_w=2580.0, zone=unknown,  grid_charge=off, rescue_active=on, ev_charging_active=off, ev_charge_end=unknown, ev_webhook_count=0, max_discharge_a=46, max_charge_a=90, max_grid_charge_a=64, soc_limit_a=44, soc_power_w=2286, is_critical_soc=False
2026-01-29T18:57:00.205354+01:00,  soc=41.0,  volt=51.43,  volt_status=NORMAL, batt_w=2176.0,  batt_mode=discharge,  batt_discharge_w=2176.0,  batt_charge_w=0,  load_w=2580.0, zone=unknown,  grid_charge=off, rescue_active=on, ev_charging_active=off, ev_charge_end=unknown, ev_webhook_count=0, max_discharge_a=44, max_charge_a=90, max_grid_charge_a=64, soc_limit_a=42, soc_power_w=2181, is_critical_soc=False
2026-01-29T18:58:00.205903+01:00,  soc=41.0,  volt=51.43,  volt_status=NORMAL, batt_w=2176.0,  batt_mode=discharge,  batt_discharge_w=2176.0,  batt_charge_w=0,  load_w=2580.0, zone=unknown,  grid_charge=off, rescue_active=on, ev_charging_active=off, ev_charge_end=unknown, ev_webhook_count=0, max_discharge_a=44, max_charge_a=90, max_grid_charge_a=64, soc_limit_a=42, soc_power_w=2181, is_critical_soc=False
2026-01-29T18:59:00.204409+01:00,  soc=40.0,  volt=51.43,  volt_status=NORMAL, batt_w=2176.0,  batt_mode=discharge,  batt_discharge_w=2176.0,  batt_charge_w=0,  load_w=12613.0, zone=unknown,  grid_charge=off, rescue_active=on, ev_charging_active=off, ev_charge_end=unknown, ev_webhook_count=0, max_discharge_a=42, max_charge_a=90, max_grid_charge_a=64, soc_limit_a=40, soc_power_w=2080, is_critical_soc=False
2026-01-29T19:00:00.204905+01:00,  soc=40.0,  volt=51.43,  volt_status=NORMAL, batt_w=2081.0,  batt_mode=discharge,  batt_discharge_w=2081.0,  batt_charge_w=0,  load_w=11175.0, zone=unknown,  grid_charge=off, rescue_active=on, ev_charging_active=off, ev_charge_end=unknown, ev_webhook_count=0, max_discharge_a=42, max_charge_a=90, max_grid_charge_a=64, soc_limit_a=40, soc_power_w=2080, is_critical_soc=False
2026-01-29T19:01:00.205168+01:00,  soc=40.0,  volt=51.43,  volt_status=NORMAL, batt_w=2081.0,  batt_mode=discharge,  batt_discharge_w=2081.0,  batt_charge_w=0,  load_w=2832.0, zone=unknown,  grid_charge=off, rescue_active=on, ev_charging_active=off, ev_charge_end=unknown, ev_webhook_count=0, max_discharge_a=42, max_charge_a=90, max_grid_charge_a=64, soc_limit_a=40, soc_power_w=2080, is_critical_soc=False
2026-01-29T19:02:00.205215+01:00,  soc=39.0,  volt=51.43,  volt_status=NORMAL, batt_w=2081.0,  batt_mode=discharge,  batt_discharge_w=2081.0,  batt_charge_w=0,  load_w=2593.0, zone=unknown,  grid_charge=off, rescue_active=on, ev_charging_active=off, ev_charge_end=unknown, ev_webhook_count=0, max_discharge_a=40, max_charge_a=90, max_grid_charge_a=64, soc_limit_a=39, soc_power_w=1982, is_critical_soc=False
2026-01-29T19:03:00.205450+01:00,  soc=39.0,  volt=51.43,  volt_status=NORMAL, batt_w=2006.0,  batt_mode=discharge,  batt_discharge_w=2006.0,  batt_charge_w=0,  load_w=2225.0, zone=unknown,  grid_charge=off, rescue_active=on, ev_charging_active=off, ev_charge_end=unknown, ev_webhook_count=0, max_discharge_a=40, max_charge_a=90, max_grid_charge_a=64, soc_limit_a=39, soc_power_w=1982, is_critical_soc=False
2026-01-29T19:04:00.205153+01:00,  soc=39.0,  volt=51.56,  volt_status=NORMAL, batt_w=1960.0,  batt_mode=discharge,  batt_discharge_w=1960.0,  batt_charge_w=0,  load_w=337.0, zone=unknown,  grid_charge=off, rescue_active=on, ev_charging_active=off, ev_charge_end=unknown, ev_webhook_count=0, max_discharge_a=39, max_charge_a=90, max_grid_charge_a=64, soc_limit_a=38, soc_power_w=1982, is_critical_soc=False
2026-01-29T19:05:00.204690+01:00,  soc=39.0,  volt=51.46,  volt_status=NORMAL, batt_w=1960.0,  batt_mode=discharge,  batt_discharge_w=1960.0,  batt_charge_w=0,  load_w=3325.0, zone=unknown,  grid_charge=off, rescue_active=on, ev_charging_active=off, ev_charge_end=unknown, ev_webhook_count=0, max_discharge_a=40, max_charge_a=90, max_grid_charge_a=64, soc_limit_a=39, soc_power_w=1982, is_critical_soc=False
2026-01-29T19:06:00.204754+01:00,  soc=38.0,  volt=51.42,  volt_status=NORMAL, batt_w=1886.0,  batt_mode=discharge,  batt_discharge_w=1886.0,  batt_charge_w=0,  load_w=5208.0, zone=unknown,  grid_charge=off, rescue_active=on, ev_charging_active=off, ev_charge_end=unknown, ev_webhook_count=0, max_discharge_a=38, max_charge_a=90, max_grid_charge_a=64, soc_limit_a=37, soc_power_w=1889, is_critical_soc=False
2026-01-29T19:07:00.204553+01:00,  soc=38.0,  volt=51.42,  volt_status=NORMAL, batt_w=1886.0,  batt_mode=discharge,  batt_discharge_w=1886.0,  batt_charge_w=0,  load_w=3744.0, zone=unknown,  grid_charge=off, rescue_active=on, ev_charging_active=off, ev_charge_end=unknown, ev_webhook_count=0, max_discharge_a=38, max_charge_a=90, max_grid_charge_a=64, soc_limit_a=37, soc_power_w=1889, is_critical_soc=False
2026-01-29T19:08:00.204342+01:00,  soc=37.0,  volt=51.42,  volt_status=NORMAL, batt_w=1886.0,  batt_mode=discharge,  batt_discharge_w=1886.0,  batt_charge_w=0,  load_w=3506.0, zone=unknown,  grid_charge=off, rescue_active=on, ev_charging_active=off, ev_charge_end=unknown, ev_webhook_count=0, max_discharge_a=36, max_charge_a=90, max_grid_charge_a=64, soc_limit_a=35, soc_power_w=1800, is_critical_soc=False
2026-01-29T19:09:00.205519+01:00,  soc=37.0,  volt=51.42,  volt_status=NORMAL, batt_w=1791.0,  batt_mode=discharge,  batt_discharge_w=1791.0,  batt_charge_w=0,  load_w=3456.0, zone=unknown,  grid_charge=off, rescue_active=on, ev_charging_active=off, ev_charge_end=unknown, ev_webhook_count=0, max_discharge_a=36, max_charge_a=90, max_grid_charge_a=64, soc_limit_a=35, soc_power_w=1800, is_critical_soc=False
2026-01-29T19:10:00.204735+01:00,  soc=37.0,  volt=51.42,  volt_status=NORMAL, batt_w=1791.0,  batt_mode=discharge,  batt_discharge_w=1791.0,  batt_charge_w=0,  load_w=2635.0, zone=unknown,  grid_charge=off, rescue_active=on, ev_charging_active=off, ev_charge_end=unknown, ev_webhook_count=0, max_discharge_a=36, max_charge_a=90, max_grid_charge_a=64, soc_limit_a=35, soc_power_w=1800, is_critical_soc=False
2026-01-29T19:11:00.205428+01:00,  soc=37.0,  volt=51.42,  volt_status=NORMAL, batt_w=1791.0,  batt_mode=discharge,  batt_discharge_w=1791.0,  batt_charge_w=0,  load_w=2635.0, zone=unknown,  grid_charge=off, rescue_active=on, ev_charging_active=off, ev_charge_end=unknown, ev_webhook_count=0, max_discharge_a=36, max_charge_a=90, max_grid_charge_a=64, soc_limit_a=35, soc_power_w=1800, is_critical_soc=False
2026-01-29T19:12:00.205547+01:00,  soc=36.0,  volt=51.42,  volt_status=NORMAL, batt_w=1698.0,  batt_mode=discharge,  batt_discharge_w=1698.0,  batt_charge_w=0,  load_w=2635.0, zone=unknown,  grid_charge=off, rescue_active=on, ev_charging_active=off, ev_charge_end=unknown, ev_webhook_count=0, max_discharge_a=34, max_charge_a=90, max_grid_charge_a=64, soc_limit_a=33, soc_power_w=1715, is_critical_soc=False
2026-01-29T19:13:00.204862+01:00,  soc=36.0,  volt=51.42,  volt_status=NORMAL, batt_w=1698.0,  batt_mode=discharge,  batt_discharge_w=1698.0,  batt_charge_w=0,  load_w=2635.0, zone=unknown,  grid_charge=off, rescue_active=on, ev_charging_active=off, ev_charge_end=unknown, ev_webhook_count=0, max_discharge_a=34, max_charge_a=90, max_grid_charge_a=64, soc_limit_a=33, soc_power_w=1715, is_critical_soc=False
2026-01-29T19:14:00.204362+01:00,  soc=36.0,  volt=51.42,  volt_status=NORMAL, batt_w=1698.0,  batt_mode=discharge,  batt_discharge_w=1698.0,  batt_charge_w=0,  load_w=2690.0, zone=unknown,  grid_charge=off, rescue_active=on, ev_charging_active=off, ev_charge_end=unknown, ev_webhook_count=0, max_discharge_a=34, max_charge_a=90, max_grid_charge_a=64, soc_limit_a=33, soc_power_w=1715, is_critical_soc=False
2026-01-29T19:15:00.205080+01:00,  soc=35.0,  volt=51.42,  volt_status=NORMAL, batt_w=1698.0,  batt_mode=discharge,  batt_discharge_w=1698.0,  batt_charge_w=0,  load_w=4611.0, zone=unknown,  grid_charge=off, rescue_active=on, ev_charging_active=off, ev_charge_end=unknown, ev_webhook_count=0, max_discharge_a=33, max_charge_a=90, max_grid_charge_a=64, soc_limit_a=32, soc_power_w=1633, is_critical_soc=False
2026-01-29T19:16:00.206350+01:00,  soc=35.0,  volt=51.41,  volt_status=NORMAL, batt_w=1649.0,  batt_mode=discharge,  batt_discharge_w=1649.0,  batt_charge_w=0,  load_w=2539.0, zone=unknown,  grid_charge=off, rescue_active=on, ev_charging_active=off, ev_charge_end=unknown, ev_webhook_count=0, max_discharge_a=33, max_charge_a=90, max_grid_charge_a=64, soc_limit_a=32, soc_power_w=1633, is_critical_soc=False
2026-01-29T19:17:00.204544+01:00,  soc=35.0,  volt=51.41,  volt_status=NORMAL, batt_w=1649.0,  batt_mode=discharge,  batt_discharge_w=1649.0,  batt_charge_w=0,  load_w=2539.0, zone=unknown,  grid_charge=off, rescue_active=on, ev_charging_active=off, ev_charge_end=unknown, ev_webhook_count=0, max_discharge_a=33, max_charge_a=90, max_grid_charge_a=64, soc_limit_a=32, soc_power_w=1633, is_critical_soc=False
2026-01-29T19:18:00.204552+01:00,  soc=34.0,  volt=51.41,  volt_status=NORMAL, batt_w=1648.0,  batt_mode=discharge,  batt_discharge_w=1648.0,  batt_charge_w=0,  load_w=2539.0, zone=unknown,  grid_charge=off, rescue_active=on, ev_charging_active=off, ev_charge_end=unknown, ev_webhook_count=0, max_discharge_a=33, max_charge_a=90, max_grid_charge_a=64, soc_limit_a=30, soc_power_w=1556, is_critical_soc=False
2026-01-29T19:19:00.204870+01:00,  soc=34.0,  volt=51.41,  volt_status=NORMAL, batt_w=1554.0,  batt_mode=discharge,  batt_discharge_w=1554.0,  batt_charge_w=0,  load_w=2228.0, zone=unknown,  grid_charge=off, rescue_active=on, ev_charging_active=off, ev_charge_end=unknown, ev_webhook_count=0, max_discharge_a=31, max_charge_a=90, max_grid_charge_a=64, soc_limit_a=30, soc_power_w=1556, is_critical_soc=False
2026-01-29T19:20:00.204243+01:00,  soc=34.0,  volt=51.41,  volt_status=NORMAL, batt_w=1554.0,  batt_mode=discharge,  batt_discharge_w=1554.0,  batt_charge_w=0,  load_w=2552.0, zone=unknown,  grid_charge=off, rescue_active=on, ev_charging_active=off, ev_charge_end=unknown, ev_webhook_count=0, max_discharge_a=31, max_charge_a=90, max_grid_charge_a=64, soc_limit_a=30, soc_power_w=1556, is_critical_soc=False
2026-01-29T19:21:00.204363+01:00,  soc=34.0,  volt=51.41,  volt_status=NORMAL, batt_w=1554.0,  batt_mode=discharge,  batt_discharge_w=1554.0,  batt_charge_w=0,  load_w=2542.0, zone=unknown,  grid_charge=off, rescue_active=on, ev_charging_active=off, ev_charge_end=unknown, ev_webhook_count=0, max_discharge_a=31, max_charge_a=90, max_grid_charge_a=64, soc_limit_a=30, soc_power_w=1556, is_critical_soc=False
2026-01-29T19:22:00.205372+01:00,  soc=33.0,  volt=51.41,  volt_status=NORMAL, batt_w=1554.0,  batt_mode=discharge,  batt_discharge_w=1554.0,  batt_charge_w=0,  load_w=2233.0, zone=unknown,  grid_charge=off, rescue_active=on, ev_charging_active=off, ev_charge_end=unknown, ev_webhook_count=0, max_discharge_a=31, max_charge_a=90, max_grid_charge_a=64, soc_limit_a=29, soc_power_w=1483, is_critical_soc=False
2026-01-29T19:23:00.206457+01:00,  soc=33.0,  volt=51.41,  volt_status=NORMAL, batt_w=1554.0,  batt_mode=discharge,  batt_discharge_w=1554.0,  batt_charge_w=0,  load_w=2548.0, zone=unknown,  grid_charge=off, rescue_active=on, ev_charging_active=off, ev_charge_end=unknown, ev_webhook_count=0, max_discharge_a=30, max_charge_a=90, max_grid_charge_a=64, soc_limit_a=29, soc_power_w=1483, is_critical_soc=False
2026-01-29T19:24:00.204563+01:00,  soc=33.0,  volt=51.41,  volt_status=NORMAL, batt_w=1554.0,  batt_mode=discharge,  batt_discharge_w=1554.0,  batt_charge_w=0,  load_w=2548.0, zone=unknown,  grid_charge=off, rescue_active=on, ev_charging_active=off, ev_charge_end=unknown, ev_webhook_count=0, max_discharge_a=30, max_charge_a=90, max_grid_charge_a=64, soc_limit_a=29, soc_power_w=1483, is_critical_soc=False
2026-01-29T19:25:00.204668+01:00,  soc=33.0,  volt=51.36,  volt_status=NORMAL, batt_w=1554.0,  batt_mode=discharge,  batt_discharge_w=1554.0,  batt_charge_w=0,  load_w=2237.0, zone=unknown,  grid_charge=off, rescue_active=on, ev_charging_active=off, ev_charge_end=unknown, ev_webhook_count=0, max_discharge_a=30, max_charge_a=90, max_grid_charge_a=64, soc_limit_a=29, soc_power_w=1483, is_critical_soc=False
2026-01-29T19:26:00.205087+01:00,  soc=32.0,  volt=51.34,  volt_status=NORMAL, batt_w=1505.0,  batt_mode=discharge,  batt_discharge_w=1505.0,  batt_charge_w=0,  load_w=2507.0, zone=unknown,  grid_charge=off, rescue_active=on, ev_charging_active=off, ev_charge_end=unknown, ev_webhook_count=0, max_discharge_a=28, max_charge_a=90, max_grid_charge_a=64, soc_limit_a=28, soc_power_w=1413, is_critical_soc=False
2026-01-29T19:27:00.204764+01:00,  soc=32.0,  volt=51.34,  volt_status=NORMAL, batt_w=1410.0,  batt_mode=discharge,  batt_discharge_w=1410.0,  batt_charge_w=0,  load_w=2507.0, zone=unknown,  grid_charge=off, rescue_active=on, ev_charging_active=off, ev_charge_end=unknown, ev_webhook_count=0, max_discharge_a=28, max_charge_a=90, max_grid_charge_a=64, soc_limit_a=28, soc_power_w=1413, is_critical_soc=False
2026-01-29T19:28:00.205635+01:00,  soc=32.0,  volt=51.34,  volt_status=NORMAL, batt_w=1410.0,  batt_mode=discharge,  batt_discharge_w=1410.0,  batt_charge_w=0,  load_w=2507.0, zone=unknown,  grid_charge=off, rescue_active=on, ev_charging_active=off, ev_charge_end=unknown, ev_webhook_count=0, max_discharge_a=28, max_charge_a=90, max_grid_charge_a=64, soc_limit_a=28, soc_power_w=1413, is_critical_soc=False
2026-01-29T19:29:00.205687+01:00,  soc=32.0,  volt=51.34,  volt_status=NORMAL, batt_w=1410.0,  batt_mode=discharge,  batt_discharge_w=1410.0,  batt_charge_w=0,  load_w=2558.0, zone=unknown,  grid_charge=off, rescue_active=on, ev_charging_active=off, ev_charge_end=unknown, ev_webhook_count=0, max_discharge_a=28, max_charge_a=90, max_grid_charge_a=64, soc_limit_a=28, soc_power_w=1413, is_critical_soc=False
2026-01-29T19:30:00.205178+01:00,  soc=31.0,  volt=51.34,  volt_status=NORMAL, batt_w=1410.0,  batt_mode=discharge,  batt_discharge_w=1410.0,  batt_charge_w=0,  load_w=2246.0, zone=unknown,  grid_charge=off, rescue_active=on, ev_charging_active=off, ev_charge_end=unknown, ev_webhook_count=0, max_discharge_a=27, max_charge_a=90, max_grid_charge_a=64, soc_limit_a=26, soc_power_w=1348, is_critical_soc=False
2026-01-29T19:31:00.204827+01:00,  soc=31.0,  volt=51.34,  volt_status=NORMAL, batt_w=1410.0,  batt_mode=discharge,  batt_discharge_w=1410.0,  batt_charge_w=0,  load_w=2557.0, zone=unknown,  grid_charge=off, rescue_active=on, ev_charging_active=off, ev_charge_end=unknown, ev_webhook_count=0, max_discharge_a=27, max_charge_a=90, max_grid_charge_a=64, soc_limit_a=26, soc_power_w=1348, is_critical_soc=False
2026-01-29T19:32:00.205265+01:00,  soc=31.0,  volt=51.34,  volt_status=NORMAL, batt_w=1410.0,  batt_mode=discharge,  batt_discharge_w=1410.0,  batt_charge_w=0,  load_w=2279.0, zone=unknown,  grid_charge=off, rescue_active=on, ev_charging_active=off, ev_charge_end=unknown, ev_webhook_count=0, max_discharge_a=27, max_charge_a=90, max_grid_charge_a=64, soc_limit_a=26, soc_power_w=1348, is_critical_soc=False
2026-01-29T19:33:00.204552+01:00,  soc=31.0,  volt=51.34,  volt_status=NORMAL, batt_w=1360.0,  batt_mode=discharge,  batt_discharge_w=1360.0,  batt_charge_w=0,  load_w=2279.0, zone=unknown,  grid_charge=off, rescue_active=on, ev_charging_active=off, ev_charge_end=unknown, ev_webhook_count=0, max_discharge_a=90, max_charge_a=90, max_grid_charge_a=64, soc_limit_a=26, soc_power_w=1348, is_critical_soc=False
2026-01-29T19:34:00.205118+01:00,  soc=31.0,  volt=51.34,  volt_status=NORMAL, batt_w=1360.0,  batt_mode=discharge,  batt_discharge_w=1360.0,  batt_charge_w=0,  load_w=2566.0, zone=unknown,  grid_charge=off, rescue_active=on, ev_charging_active=off, ev_charge_end=unknown, ev_webhook_count=0, max_discharge_a=27, max_charge_a=90, max_grid_charge_a=64, soc_limit_a=26, soc_power_w=1348, is_critical_soc=False
2026-01-29T19:35:00.205850+01:00,  soc=30.0,  volt=51.34,  volt_status=NORMAL, batt_w=1360.0,  batt_mode=discharge,  batt_discharge_w=1360.0,  batt_charge_w=0,  load_w=2566.0, zone=unknown,  grid_charge=off, rescue_active=on, ev_charging_active=off, ev_charge_end=unknown, ev_webhook_count=0, max_discharge_a=26, max_charge_a=90, max_grid_charge_a=64, soc_limit_a=25, soc_power_w=1286, is_critical_soc=False
2026-01-29T19:36:00.204912+01:00,  soc=30.0,  volt=51.3,  volt_status=NORMAL, batt_w=1311.0,  batt_mode=discharge,  batt_discharge_w=1311.0,  batt_charge_w=0,  load_w=2242.0, zone=unknown,  grid_charge=off, rescue_active=on, ev_charging_active=off, ev_charge_end=unknown, ev_webhook_count=0, max_discharge_a=26, max_charge_a=90, max_grid_charge_a=64, soc_limit_a=25, soc_power_w=1286, is_critical_soc=False
2026-01-29T19:37:00.204557+01:00,  soc=30.0,  volt=51.3,  volt_status=NORMAL, batt_w=1311.0,  batt_mode=discharge,  batt_discharge_w=1311.0,  batt_charge_w=0,  load_w=2521.0, zone=unknown,  grid_charge=off, rescue_active=on, ev_charging_active=off, ev_charge_end=unknown, ev_webhook_count=0, max_discharge_a=26, max_charge_a=90, max_grid_charge_a=64, soc_limit_a=25, soc_power_w=1286, is_critical_soc=False
2026-01-29T19:38:00.205542+01:00,  soc=30.0,  volt=51.3,  volt_status=NORMAL, batt_w=1311.0,  batt_mode=discharge,  batt_discharge_w=1311.0,  batt_charge_w=0,  load_w=2232.0, zone=unknown,  grid_charge=off, rescue_active=on, ev_charging_active=off, ev_charge_end=unknown, ev_webhook_count=0, max_discharge_a=26, max_charge_a=90, max_grid_charge_a=64, soc_limit_a=25, soc_power_w=1286, is_critical_soc=False
2026-01-29T19:39:00.204994+01:00,  soc=29.0,  volt=51.3,  volt_status=NORMAL, batt_w=1219.0,  batt_mode=discharge,  batt_discharge_w=1219.0,  batt_charge_w=0,  load_w=2232.0, zone=unknown,  grid_charge=off, rescue_active=on, ev_charging_active=off, ev_charge_end=unknown, ev_webhook_count=0, max_discharge_a=24, max_charge_a=90, max_grid_charge_a=64, soc_limit_a=24, soc_power_w=1229, is_critical_soc=False
2026-01-29T19:40:00.204448+01:00,  soc=29.0,  volt=51.23,  volt_status=NORMAL, batt_w=1405.0,  batt_mode=discharge,  batt_discharge_w=1405.0,  batt_charge_w=0,  load_w=2457.0, zone=unknown,  grid_charge=off, rescue_active=on, ev_charging_active=off, ev_charge_end=unknown, ev_webhook_count=0, max_discharge_a=28, max_charge_a=90, max_grid_charge_a=64, soc_limit_a=24, soc_power_w=1229, is_critical_soc=False
2026-01-29T19:41:00.204364+01:00,  soc=29.0,  volt=51.23,  volt_status=NORMAL, batt_w=1405.0,  batt_mode=discharge,  batt_discharge_w=1405.0,  batt_charge_w=0,  load_w=2457.0, zone=unknown,  grid_charge=off, rescue_active=on, ev_charging_active=off, ev_charge_end=unknown, ev_webhook_count=0, max_discharge_a=28, max_charge_a=90, max_grid_charge_a=64, soc_limit_a=24, soc_power_w=1229, is_critical_soc=False
2026-01-29T19:42:00.205846+01:00,  soc=29.0,  volt=51.23,  volt_status=NORMAL, batt_w=1405.0,  batt_mode=discharge,  batt_discharge_w=1405.0,  batt_charge_w=0,  load_w=2187.0, zone=unknown,  grid_charge=off, rescue_active=on, ev_charging_active=off, ev_charge_end=unknown, ev_webhook_count=0, max_discharge_a=28, max_charge_a=90, max_grid_charge_a=64, soc_limit_a=24, soc_power_w=1229, is_critical_soc=False
2026-01-29T19:43:00.206068+01:00,  soc=28.0,  volt=51.23,  volt_status=NORMAL, batt_w=1405.0,  batt_mode=discharge,  batt_discharge_w=1405.0,  batt_charge_w=0,  load_w=2499.0, zone=unknown,  grid_charge=off, rescue_active=on, ev_charging_active=off, ev_charge_end=unknown, ev_webhook_count=0, max_discharge_a=27, max_charge_a=90, max_grid_charge_a=64, soc_limit_a=23, soc_power_w=1175, is_critical_soc=False
2026-01-29T19:44:00.204662+01:00,  soc=28.0,  volt=51.23,  volt_status=NORMAL, batt_w=1405.0,  batt_mode=discharge,  batt_discharge_w=1405.0,  batt_charge_w=0,  load_w=2499.0, zone=unknown,  grid_charge=off, rescue_active=on, ev_charging_active=off, ev_charge_end=unknown, ev_webhook_count=0, max_discharge_a=28, max_charge_a=90, max_grid_charge_a=64, soc_limit_a=23, soc_power_w=1175, is_critical_soc=False
2026-01-29T19:45:00.205870+01:00,  soc=28.0,  volt=51.1,  volt_status=NORMAL, batt_w=1405.0,  batt_mode=discharge,  batt_discharge_w=1405.0,  batt_charge_w=0,  load_w=2499.0, zone=unknown,  grid_charge=off, rescue_active=on, ev_charging_active=off, ev_charge_end=unknown, ev_webhook_count=0, max_discharge_a=28, max_charge_a=90, max_grid_charge_a=64, soc_limit_a=23, soc_power_w=1175, is_critical_soc=False
2026-01-29T19:46:00.207429+01:00,  soc=28.0,  volt=51.04,  volt_status=NORMAL, batt_w=1399.0,  batt_mode=discharge,  batt_discharge_w=1399.0,  batt_charge_w=0,  load_w=2262.0, zone=unknown,  grid_charge=off, rescue_active=on, ev_charging_active=off, ev_charge_end=unknown, ev_webhook_count=0, max_discharge_a=28, max_charge_a=90, max_grid_charge_a=64, soc_limit_a=23, soc_power_w=1175, is_critical_soc=False
2026-01-29T19:47:00.205417+01:00,  soc=27.0,  volt=51.04,  volt_status=NORMAL, batt_w=1399.0,  batt_mode=discharge,  batt_discharge_w=1399.0,  batt_charge_w=0,  load_w=2545.0, zone=unknown,  grid_charge=off, rescue_active=on, ev_charging_active=off, ev_charge_end=unknown, ev_webhook_count=0, max_discharge_a=28, max_charge_a=90, max_grid_charge_a=64, soc_limit_a=22, soc_power_w=1126, is_critical_soc=False
2026-01-29T19:48:00.205176+01:00,  soc=27.0,  volt=51.04,  volt_status=NORMAL, batt_w=1399.0,  batt_mode=discharge,  batt_discharge_w=1399.0,  batt_charge_w=0,  load_w=2523.0, zone=unknown,  grid_charge=off, rescue_active=on, ev_charging_active=off, ev_charge_end=unknown, ev_webhook_count=0, max_discharge_a=29, max_charge_a=90, max_grid_charge_a=64, soc_limit_a=22, soc_power_w=1126, is_critical_soc=False
2026-01-29T19:49:00.206200+01:00,  soc=27.0,  volt=51.0,  volt_status=NORMAL, batt_w=1462.0,  batt_mode=discharge,  batt_discharge_w=1462.0,  batt_charge_w=0,  load_w=2523.0, zone=unknown,  grid_charge=off, rescue_active=on, ev_charging_active=off, ev_charge_end=unknown, ev_webhook_count=0, max_discharge_a=29, max_charge_a=90, max_grid_charge_a=64, soc_limit_a=22, soc_power_w=1126, is_critical_soc=False
2026-01-29T19:50:00.205210+01:00,  soc=27.0,  volt=51.0,  volt_status=NORMAL, batt_w=1462.0,  batt_mode=discharge,  batt_discharge_w=1462.0,  batt_charge_w=0,  load_w=4587.0, zone=unknown,  grid_charge=off, rescue_active=on, ev_charging_active=off, ev_charge_end=unknown, ev_webhook_count=0, max_discharge_a=29, max_charge_a=90, max_grid_charge_a=64, soc_limit_a=22, soc_power_w=1126, is_critical_soc=False
2026-01-29T19:51:00.205253+01:00,  soc=26.0,  volt=51.0,  volt_status=NORMAL, batt_w=1462.0,  batt_mode=discharge,  batt_discharge_w=1462.0,  batt_charge_w=0,  load_w=2492.0, zone=unknown,  grid_charge=off, rescue_active=on, ev_charging_active=off, ev_charge_end=unknown, ev_webhook_count=0, max_discharge_a=29, max_charge_a=90, max_grid_charge_a=64, soc_limit_a=21, soc_power_w=1080, is_critical_soc=False
2026-01-29T19:52:00.204804+01:00,  soc=26.0,  volt=51.0,  volt_status=NORMAL, batt_w=1462.0,  batt_mode=discharge,  batt_discharge_w=1462.0,  batt_charge_w=0,  load_w=2492.0, zone=unknown,  grid_charge=off, rescue_active=on, ev_charging_active=off, ev_charge_end=unknown, ev_webhook_count=0, max_discharge_a=29, max_charge_a=90, max_grid_charge_a=64, soc_limit_a=21, soc_power_w=1080, is_critical_soc=False
2026-01-29T19:53:00.204425+01:00,  soc=26.0,  volt=51.0,  volt_status=NORMAL, batt_w=1462.0,  batt_mode=discharge,  batt_discharge_w=1462.0,  batt_charge_w=0,  load_w=2509.0, zone=unknown,  grid_charge=off, rescue_active=on, ev_charging_active=off, ev_charge_end=unknown, ev_webhook_count=0, max_discharge_a=29, max_charge_a=90, max_grid_charge_a=64, soc_limit_a=21, soc_power_w=1080, is_critical_soc=False
2026-01-29T19:54:00.205016+01:00,  soc=26.0,  volt=50.9,  volt_status=NORMAL, batt_w=1462.0,  batt_mode=discharge,  batt_discharge_w=1462.0,  batt_charge_w=0,  load_w=2509.0, zone=unknown,  grid_charge=off, rescue_active=on, ev_charging_active=off, ev_charge_end=unknown, ev_webhook_count=0, max_discharge_a=29, max_charge_a=90, max_grid_charge_a=64, soc_limit_a=21, soc_power_w=1080, is_critical_soc=False
2026-01-29T19:55:00.205196+01:00,  soc=25.0,  volt=50.9,  volt_status=NORMAL, batt_w=1266.0,  batt_mode=discharge,  batt_discharge_w=1266.0,  batt_charge_w=0,  load_w=2509.0, zone=unknown,  grid_charge=off, rescue_active=on, ev_charging_active=off, ev_charge_end=unknown, ev_webhook_count=0, max_discharge_a=24, max_charge_a=90, max_grid_charge_a=64, soc_limit_a=20, soc_power_w=1038, is_critical_soc=False
2026-01-29T19:56:00.205291+01:00,  soc=25.0,  volt=50.95,  volt_status=NORMAL, batt_w=1209.0,  batt_mode=discharge,  batt_discharge_w=1209.0,  batt_charge_w=0,  load_w=2509.0, zone=unknown,  grid_charge=off, rescue_active=on, ev_charging_active=off, ev_charge_end=unknown, ev_webhook_count=0, max_discharge_a=24, max_charge_a=90, max_grid_charge_a=64, soc_limit_a=20, soc_power_w=1038, is_critical_soc=False
2026-01-29T19:57:00.205122+01:00,  soc=25.0,  volt=50.95,  volt_status=NORMAL, batt_w=1209.0,  batt_mode=discharge,  batt_discharge_w=1209.0,  batt_charge_w=0,  load_w=2509.0, zone=unknown,  grid_charge=off, rescue_active=on, ev_charging_active=off, ev_charge_end=unknown, ev_webhook_count=0, max_discharge_a=24, max_charge_a=90, max_grid_charge_a=64, soc_limit_a=20, soc_power_w=1038, is_critical_soc=False
2026-01-29T19:58:00.204873+01:00,  soc=25.0,  volt=50.95,  volt_status=NORMAL, batt_w=1300.0,  batt_mode=discharge,  batt_discharge_w=1300.0,  batt_charge_w=0,  load_w=2512.0, zone=unknown,  grid_charge=off, rescue_active=on, ev_charging_active=off, ev_charge_end=unknown, ev_webhook_count=0, max_discharge_a=26, max_charge_a=90, max_grid_charge_a=64, soc_limit_a=20, soc_power_w=1038, is_critical_soc=False
2026-01-29T19:59:00.205470+01:00,  soc=24.0,  volt=50.95,  volt_status=NORMAL, batt_w=1300.0,  batt_mode=discharge,  batt_discharge_w=1300.0,  batt_charge_w=0,  load_w=2512.0, zone=unknown,  grid_charge=off, rescue_active=on, ev_charging_active=off, ev_charge_end=unknown, ev_webhook_count=0, max_discharge_a=25, max_charge_a=90, max_grid_charge_a=64, soc_limit_a=20, soc_power_w=1001, is_critical_soc=False
2026-01-29T20:00:00.204662+01:00,  soc=24.0,  volt=50.95,  volt_status=NORMAL, batt_w=1300.0,  batt_mode=discharge,  batt_discharge_w=1300.0,  batt_charge_w=0,  load_w=2557.0, zone=unknown,  grid_charge=off, rescue_active=on, ev_charging_active=off, ev_charge_end=unknown, ev_webhook_count=0, max_discharge_a=25, max_charge_a=90, max_grid_charge_a=64, soc_limit_a=20, soc_power_w=1001, is_critical_soc=False
2026-01-29T20:01:00.205243+01:00,  soc=24.0,  volt=50.95,  volt_status=NORMAL, batt_w=1300.0,  batt_mode=discharge,  batt_discharge_w=1300.0,  batt_charge_w=0,  load_w=2557.0, zone=unknown,  grid_charge=off, rescue_active=on, ev_charging_active=off, ev_charge_end=unknown, ev_webhook_count=0, max_discharge_a=25, max_charge_a=90, max_grid_charge_a=64, soc_limit_a=20, soc_power_w=1001, is_critical_soc=False
2026-01-29T20:02:00.206272+01:00,  soc=24.0,  volt=50.95,  volt_status=NORMAL, batt_w=1300.0,  batt_mode=discharge,  batt_discharge_w=1300.0,  batt_charge_w=0,  load_w=2557.0, zone=unknown,  grid_charge=off, rescue_active=on, ev_charging_active=off, ev_charge_end=unknown, ev_webhook_count=0, max_discharge_a=25, max_charge_a=90, max_grid_charge_a=64, soc_limit_a=20, soc_power_w=1001, is_critical_soc=False
2026-01-29T20:03:00.204809+01:00,  soc=24.0,  volt=50.8,  volt_status=NORMAL, batt_w=1300.0,  batt_mode=discharge,  batt_discharge_w=1300.0,  batt_charge_w=0,  load_w=2557.0, zone=unknown,  grid_charge=off, rescue_active=on, ev_charging_active=off, ev_charge_end=unknown, ev_webhook_count=0, max_discharge_a=26, max_charge_a=90, max_grid_charge_a=64, soc_limit_a=20, soc_power_w=1001, is_critical_soc=False
2026-01-29T20:04:00.204980+01:00,  soc=23.0,  volt=50.8,  volt_status=NORMAL, batt_w=1300.0,  batt_mode=discharge,  batt_discharge_w=1300.0,  batt_charge_w=0,  load_w=2541.0, zone=unknown,  grid_charge=off, rescue_active=on, ev_charging_active=off, ev_charge_end=unknown, ev_webhook_count=0, max_discharge_a=25, max_charge_a=90, max_grid_charge_a=64, soc_limit_a=19, soc_power_w=967, is_critical_soc=False
2026-01-29T20:05:00.204422+01:00,  soc=23.0,  volt=50.8,  volt_status=NORMAL, batt_w=1250.0,  batt_mode=discharge,  batt_discharge_w=1250.0,  batt_charge_w=0,  load_w=2541.0, zone=unknown,  grid_charge=off, rescue_active=on, ev_charging_active=off, ev_charge_end=unknown, ev_webhook_count=0, max_discharge_a=25, max_charge_a=90, max_grid_charge_a=64, soc_limit_a=19, soc_power_w=967, is_critical_soc=False
2026-01-29T20:06:00.206268+01:00,  soc=23.0,  volt=50.72,  volt_status=NORMAL, batt_w=1249.0,  batt_mode=discharge,  batt_discharge_w=1249.0,  batt_charge_w=0,  load_w=2541.0, zone=unknown,  grid_charge=off, rescue_active=on, ev_charging_active=off, ev_charge_end=unknown, ev_webhook_count=0, max_discharge_a=25, max_charge_a=90, max_grid_charge_a=64, soc_limit_a=19, soc_power_w=967, is_critical_soc=False
2026-01-29T20:07:00.204403+01:00,  soc=23.0,  volt=50.7,  volt_status=NORMAL, batt_w=1249.0,  batt_mode=discharge,  batt_discharge_w=1249.0,  batt_charge_w=0,  load_w=2541.0, zone=unknown,  grid_charge=off, rescue_active=on, ev_charging_active=off, ev_charge_end=unknown, ev_webhook_count=0, max_discharge_a=25, max_charge_a=90, max_grid_charge_a=64, soc_limit_a=19, soc_power_w=967, is_critical_soc=False
2026-01-29T20:08:00.204467+01:00,  soc=23.0,  volt=50.7,  volt_status=NORMAL, batt_w=1249.0,  batt_mode=discharge,  batt_discharge_w=1249.0,  batt_charge_w=0,  load_w=2495.0, zone=unknown,  grid_charge=off, rescue_active=on, ev_charging_active=off, ev_charge_end=unknown, ev_webhook_count=0, max_discharge_a=25, max_charge_a=90, max_grid_charge_a=64, soc_limit_a=19, soc_power_w=967, is_critical_soc=False
2026-01-29T20:09:00.205278+01:00,  soc=22.0,  volt=50.6,  volt_status=NORMAL, batt_w=1249.0,  batt_mode=discharge,  batt_discharge_w=1249.0,  batt_charge_w=0,  load_w=2496.0, zone=unknown,  grid_charge=off, rescue_active=on, ev_charging_active=off, ev_charge_end=unknown, ev_webhook_count=0, max_discharge_a=25, max_charge_a=90, max_grid_charge_a=64, soc_limit_a=19, soc_power_w=937, is_critical_soc=False
2026-01-29T20:10:00.205192+01:00,  soc=22.0,  volt=50.6,  volt_status=NORMAL, batt_w=1249.0,  batt_mode=discharge,  batt_discharge_w=1249.0,  batt_charge_w=0,  load_w=2496.0, zone=unknown,  grid_charge=off, rescue_active=on, ev_charging_active=off, ev_charge_end=unknown, ev_webhook_count=0, max_discharge_a=25, max_charge_a=90, max_grid_charge_a=64, soc_limit_a=19, soc_power_w=937, is_critical_soc=False
2026-01-29T20:11:00.204076+01:00,  soc=22.0,  volt=50.6,  volt_status=NORMAL, batt_w=1249.0,  batt_mode=discharge,  batt_discharge_w=1249.0,  batt_charge_w=0,  load_w=2496.0, zone=unknown,  grid_charge=off, rescue_active=on, ev_charging_active=off, ev_charge_end=unknown, ev_webhook_count=0, max_discharge_a=25, max_charge_a=90, max_grid_charge_a=64, soc_limit_a=19, soc_power_w=937, is_critical_soc=False
2026-01-29T20:12:00.205071+01:00,  soc=22.0,  volt=50.6,  volt_status=NORMAL, batt_w=1249.0,  batt_mode=discharge,  batt_discharge_w=1249.0,  batt_charge_w=0,  load_w=2496.0, zone=unknown,  grid_charge=off, rescue_active=on, ev_charging_active=off, ev_charge_end=unknown, ev_webhook_count=0, max_discharge_a=25, max_charge_a=90, max_grid_charge_a=64, soc_limit_a=19, soc_power_w=937, is_critical_soc=False
2026-01-29T20:13:00.206126+01:00,  soc=21.0,  volt=50.6,  volt_status=NORMAL, batt_w=1199.0,  batt_mode=discharge,  batt_discharge_w=1199.0,  batt_charge_w=0,  load_w=2496.0, zone=unknown,  grid_charge=off, rescue_active=on, ev_charging_active=off, ev_charge_end=unknown, ev_webhook_count=0, max_discharge_a=24, max_charge_a=90, max_grid_charge_a=64, soc_limit_a=18, soc_power_w=911, is_critical_soc=False
2026-01-29T20:14:00.205172+01:00,  soc=21.0,  volt=50.6,  volt_status=NORMAL, batt_w=1199.0,  batt_mode=discharge,  batt_discharge_w=1199.0,  batt_charge_w=0,  load_w=4536.0, zone=unknown,  grid_charge=off, rescue_active=on, ev_charging_active=off, ev_charge_end=unknown, ev_webhook_count=0, max_discharge_a=24, max_charge_a=90, max_grid_charge_a=64, soc_limit_a=18, soc_power_w=911, is_critical_soc=False
2026-01-29T20:15:00.205385+01:00,  soc=21.0,  volt=50.6,  volt_status=NORMAL, batt_w=1199.0,  batt_mode=discharge,  batt_discharge_w=1199.0,  batt_charge_w=0,  load_w=2519.0, zone=unknown,  grid_charge=off, rescue_active=on, ev_charging_active=off, ev_charge_end=unknown, ev_webhook_count=0, max_discharge_a=24, max_charge_a=90, max_grid_charge_a=64, soc_limit_a=18, soc_power_w=911, is_critical_soc=False
2026-01-29T20:16:00.205772+01:00,  soc=21.0,  volt=50.51,  volt_status=NORMAL, batt_w=1197.0,  batt_mode=discharge,  batt_discharge_w=1197.0,  batt_charge_w=0,  load_w=2519.0, zone=unknown,  grid_charge=off, rescue_active=on, ev_charging_active=off, ev_charge_end=unknown, ev_webhook_count=0, max_discharge_a=24, max_charge_a=90, max_grid_charge_a=64, soc_limit_a=18, soc_power_w=911, is_critical_soc=False
2026-01-29T20:17:00.205322+01:00,  soc=21.0,  volt=50.5,  volt_status=NORMAL, batt_w=1197.0,  batt_mode=discharge,  batt_discharge_w=1197.0,  batt_charge_w=0,  load_w=2519.0, zone=unknown,  grid_charge=off, rescue_active=on, ev_charging_active=off, ev_charge_end=unknown, ev_webhook_count=0, max_discharge_a=24, max_charge_a=90, max_grid_charge_a=64, soc_limit_a=18, soc_power_w=911, is_critical_soc=False
2026-01-29T20:18:00.204458+01:00,  soc=20.0,  volt=50.5,  volt_status=NORMAL, batt_w=1197.0,  batt_mode=discharge,  batt_discharge_w=1197.0,  batt_charge_w=0,  load_w=2519.0, zone=unknown,  grid_charge=off, rescue_active=on, ev_charging_active=off, ev_charge_end=unknown, ev_webhook_count=0, max_discharge_a=22, max_charge_a=90, max_grid_charge_a=64, soc_limit_a=18, soc_power_w=890, is_critical_soc=False
2026-01-29T20:19:00.205202+01:00,  soc=20.0,  volt=50.5,  volt_status=NORMAL, batt_w=1105.0,  batt_mode=discharge,  batt_discharge_w=1105.0,  batt_charge_w=0,  load_w=2519.0, zone=unknown,  grid_charge=off, rescue_active=on, ev_charging_active=off, ev_charge_end=unknown, ev_webhook_count=0, max_discharge_a=22, max_charge_a=90, max_grid_charge_a=64, soc_limit_a=18, soc_power_w=890, is_critical_soc=False
2026-01-29T20:20:00.206684+01:00,  soc=20.0,  volt=50.5,  volt_status=NORMAL, batt_w=1105.0,  batt_mode=discharge,  batt_discharge_w=1105.0,  batt_charge_w=0,  load_w=2526.0, zone=unknown,  grid_charge=off, rescue_active=on, ev_charging_active=off, ev_charge_end=unknown, ev_webhook_count=0, max_discharge_a=22, max_charge_a=90, max_grid_charge_a=64, soc_limit_a=18, soc_power_w=890, is_critical_soc=False
2026-01-29T20:21:00.204868+01:00,  soc=20.0,  volt=50.5,  volt_status=NORMAL, batt_w=1105.0,  batt_mode=discharge,  batt_discharge_w=1105.0,  batt_charge_w=0,  load_w=2526.0, zone=unknown,  grid_charge=off, rescue_active=on, ev_charging_active=off, ev_charge_end=unknown, ev_webhook_count=0, max_discharge_a=22, max_charge_a=90, max_grid_charge_a=64, soc_limit_a=18, soc_power_w=890, is_critical_soc=False
2026-01-29T20:22:00.204239+01:00,  soc=20.0,  volt=50.5,  volt_status=NORMAL, batt_w=1105.0,  batt_mode=discharge,  batt_discharge_w=1105.0,  batt_charge_w=0,  load_w=2526.0, zone=unknown,  grid_charge=off, rescue_active=on, ev_charging_active=off, ev_charge_end=unknown, ev_webhook_count=0, max_discharge_a=22, max_charge_a=90, max_grid_charge_a=64, soc_limit_a=18, soc_power_w=890, is_critical_soc=False
2026-01-29T20:23:00.205131+01:00,  soc=19.0,  volt=50.5,  volt_status=NORMAL, batt_w=1105.0,  batt_mode=discharge,  batt_discharge_w=1105.0,  batt_charge_w=0,  load_w=2526.0, zone=unknown,  grid_charge=off, rescue_active=on, ev_charging_active=off, ev_charge_end=unknown, ev_webhook_count=0, max_discharge_a=22, max_charge_a=90, max_grid_charge_a=64, soc_limit_a=17, soc_power_w=872, is_critical_soc=True
2026-01-29T20:24:00.204961+01:00,  soc=19.0,  volt=50.5,  volt_status=NORMAL, batt_w=1105.0,  batt_mode=discharge,  batt_discharge_w=1105.0,  batt_charge_w=0,  load_w=2526.0, zone=unknown,  grid_charge=off, rescue_active=on, ev_charging_active=off, ev_charge_end=unknown, ev_webhook_count=0, max_discharge_a=22, max_charge_a=90, max_grid_charge_a=64, soc_limit_a=17, soc_power_w=872, is_critical_soc=True
2026-01-29T20:25:00.204689+01:00,  soc=19.0,  volt=50.5,  volt_status=NORMAL, batt_w=1105.0,  batt_mode=discharge,  batt_discharge_w=1105.0,  batt_charge_w=0,  load_w=2534.0, zone=unknown,  grid_charge=off, rescue_active=on, ev_charging_active=off, ev_charge_end=unknown, ev_webhook_count=0, max_discharge_a=22, max_charge_a=90, max_grid_charge_a=64, soc_limit_a=17, soc_power_w=872, is_critical_soc=True
2026-01-29T20:26:00.205528+01:00,  soc=19.0,  volt=50.47,  volt_status=NORMAL, batt_w=1105.0,  batt_mode=discharge,  batt_discharge_w=1105.0,  batt_charge_w=0,  load_w=2534.0, zone=unknown,  grid_charge=off, rescue_active=on, ev_charging_active=off, ev_charge_end=unknown, ev_webhook_count=0, max_discharge_a=22, max_charge_a=90, max_grid_charge_a=64, soc_limit_a=17, soc_power_w=872, is_critical_soc=True
2026-01-29T20:27:00.205565+01:00,  soc=19.0,  volt=50.47,  volt_status=NORMAL, batt_w=1105.0,  batt_mode=discharge,  batt_discharge_w=1105.0,  batt_charge_w=0,  load_w=2534.0, zone=unknown,  grid_charge=off, rescue_active=on, ev_charging_active=off, ev_charge_end=unknown, ev_webhook_count=0, max_discharge_a=22, max_charge_a=90, max_grid_charge_a=64, soc_limit_a=17, soc_power_w=872, is_critical_soc=True
2026-01-29T20:28:00.205118+01:00,  soc=18.0,  volt=50.47,  volt_status=NORMAL, batt_w=1105.0,  batt_mode=discharge,  batt_discharge_w=1105.0,  batt_charge_w=0,  load_w=2534.0, zone=unknown,  grid_charge=off, rescue_active=on, ev_charging_active=off, ev_charge_end=unknown, ev_webhook_count=0, max_discharge_a=21, max_charge_a=90, max_grid_charge_a=64, soc_limit_a=17, soc_power_w=858, is_critical_soc=True
2026-01-29T20:29:00.205314+01:00,  soc=18.0,  volt=50.47,  volt_status=NORMAL, batt_w=1105.0,  batt_mode=discharge,  batt_discharge_w=1105.0,  batt_charge_w=0,  load_w=2534.0, zone=unknown,  grid_charge=off, rescue_active=on, ev_charging_active=off, ev_charge_end=unknown, ev_webhook_count=0, max_discharge_a=21, max_charge_a=90, max_grid_charge_a=64, soc_limit_a=17, soc_power_w=858, is_critical_soc=True
2026-01-29T20:30:00.205454+01:00,  soc=18.0,  volt=50.47,  volt_status=NORMAL, batt_w=1105.0,  batt_mode=discharge,  batt_discharge_w=1105.0,  batt_charge_w=0,  load_w=2532.0, zone=unknown,  grid_charge=off, rescue_active=on, ev_charging_active=off, ev_charge_end=unknown, ev_webhook_count=0, max_discharge_a=21, max_charge_a=90, max_grid_charge_a=64, soc_limit_a=17, soc_power_w=858, is_critical_soc=True
2026-01-29T20:31:00.205862+01:00,  soc=18.0,  volt=50.47,  volt_status=NORMAL, batt_w=1105.0,  batt_mode=discharge,  batt_discharge_w=1105.0,  batt_charge_w=0,  load_w=2532.0, zone=unknown,  grid_charge=off, rescue_active=on, ev_charging_active=off, ev_charge_end=unknown, ev_webhook_count=0, max_discharge_a=21, max_charge_a=90, max_grid_charge_a=64, soc_limit_a=17, soc_power_w=858, is_critical_soc=True
2026-01-29T20:32:00.205126+01:00,  soc=18.0,  volt=50.47,  volt_status=NORMAL, batt_w=1105.0,  batt_mode=discharge,  batt_discharge_w=1105.0,  batt_charge_w=0,  load_w=2580.0, zone=unknown,  grid_charge=off, rescue_active=on, ev_charging_active=off, ev_charge_end=unknown, ev_webhook_count=0, max_discharge_a=21, max_charge_a=90, max_grid_charge_a=64, soc_limit_a=17, soc_power_w=858, is_critical_soc=True
2026-01-29T20:33:00.204520+01:00,  soc=17.0,  volt=50.47,  volt_status=NORMAL, batt_w=1105.0,  batt_mode=discharge,  batt_discharge_w=1105.0,  batt_charge_w=0,  load_w=2580.0, zone=unknown,  grid_charge=off, rescue_active=on, ev_charging_active=off, ev_charge_end=unknown, ev_webhook_count=0, max_discharge_a=21, max_charge_a=90, max_grid_charge_a=64, soc_limit_a=17, soc_power_w=848, is_critical_soc=True
2026-01-29T20:34:00.205815+01:00,  soc=17.0,  volt=50.47,  volt_status=NORMAL, batt_w=1105.0,  batt_mode=discharge,  batt_discharge_w=1105.0,  batt_charge_w=0,  load_w=2580.0, zone=unknown,  grid_charge=off, rescue_active=on, ev_charging_active=off, ev_charge_end=unknown, ev_webhook_count=0, max_discharge_a=21, max_charge_a=90, max_grid_charge_a=64, soc_limit_a=17, soc_power_w=848, is_critical_soc=True
2026-01-29T20:35:00.204330+01:00,  soc=17.0,  volt=50.47,  volt_status=NORMAL, batt_w=1105.0,  batt_mode=discharge,  batt_discharge_w=1105.0,  batt_charge_w=0,  load_w=2580.0, zone=unknown,  grid_charge=off, rescue_active=on, ev_charging_active=off, ev_charge_end=unknown, ev_webhook_count=0, max_discharge_a=21, max_charge_a=90, max_grid_charge_a=64, soc_limit_a=17, soc_power_w=848, is_critical_soc=True
2026-01-29T20:36:00.204906+01:00,  soc=17.0,  volt=50.42,  volt_status=NORMAL, batt_w=1056.0,  batt_mode=discharge,  batt_discharge_w=1056.0,  batt_charge_w=0,  load_w=2584.0, zone=unknown,  grid_charge=off, rescue_active=on, ev_charging_active=off, ev_charge_end=unknown, ev_webhook_count=0, max_discharge_a=21, max_charge_a=90, max_grid_charge_a=64, soc_limit_a=17, soc_power_w=848, is_critical_soc=True
2026-01-29T20:37:00.205896+01:00,  soc=17.0,  volt=50.42,  volt_status=NORMAL, batt_w=1056.0,  batt_mode=discharge,  batt_discharge_w=1056.0,  batt_charge_w=0,  load_w=2584.0, zone=unknown,  grid_charge=off, rescue_active=on, ev_charging_active=off, ev_charge_end=unknown, ev_webhook_count=0, max_discharge_a=21, max_charge_a=90, max_grid_charge_a=64, soc_limit_a=17, soc_power_w=848, is_critical_soc=True
2026-01-29T20:38:00.204861+01:00,  soc=16.0,  volt=50.4,  volt_status=NORMAL, batt_w=1056.0,  batt_mode=discharge,  batt_discharge_w=1056.0,  batt_charge_w=0,  load_w=2262.0, zone=unknown,  grid_charge=off, rescue_active=on, ev_charging_active=off, ev_charge_end=unknown, ev_webhook_count=0, max_discharge_a=21, max_charge_a=90, max_grid_charge_a=64, soc_limit_a=17, soc_power_w=842, is_critical_soc=True
2026-01-29T20:39:00.204704+01:00,  soc=16.0,  volt=50.4,  volt_status=NORMAL, batt_w=1056.0,  batt_mode=discharge,  batt_discharge_w=1056.0,  batt_charge_w=0,  load_w=2262.0, zone=unknown,  grid_charge=off, rescue_active=on, ev_charging_active=off, ev_charge_end=unknown, ev_webhook_count=0, max_discharge_a=21, max_charge_a=90, max_grid_charge_a=64, soc_limit_a=17, soc_power_w=842, is_critical_soc=True
2026-01-29T20:40:00.204364+01:00,  soc=16.0,  volt=50.4,  volt_status=NORMAL, batt_w=1056.0,  batt_mode=discharge,  batt_discharge_w=1056.0,  batt_charge_w=0,  load_w=2377.0, zone=unknown,  grid_charge=off, rescue_active=on, ev_charging_active=off, ev_charge_end=unknown, ev_webhook_count=0, max_discharge_a=21, max_charge_a=90, max_grid_charge_a=64, soc_limit_a=17, soc_power_w=842, is_critical_soc=True
2026-01-29T20:41:00.205536+01:00,  soc=16.0,  volt=50.4,  volt_status=NORMAL, batt_w=1055.0,  batt_mode=discharge,  batt_discharge_w=1055.0,  batt_charge_w=0,  load_w=2368.0, zone=unknown,  grid_charge=off, rescue_active=on, ev_charging_active=off, ev_charge_end=unknown, ev_webhook_count=0, max_discharge_a=21, max_charge_a=90, max_grid_charge_a=64, soc_limit_a=17, soc_power_w=842, is_critical_soc=True
2026-01-29T20:42:00.204296+01:00,  soc=16.0,  volt=50.4,  volt_status=NORMAL, batt_w=1055.0,  batt_mode=discharge,  batt_discharge_w=1055.0,  batt_charge_w=0,  load_w=2197.0, zone=unknown,  grid_charge=off, rescue_active=on, ev_charging_active=off, ev_charge_end=unknown, ev_webhook_count=0, max_discharge_a=21, max_charge_a=90, max_grid_charge_a=64, soc_limit_a=17, soc_power_w=842, is_critical_soc=True
2026-01-29T20:43:00.204654+01:00,  soc=15.0,  volt=50.52,  volt_status=NORMAL, batt_w=727.0,  batt_mode=discharge,  batt_discharge_w=727.0,  batt_charge_w=0,  load_w=2197.0, zone=unknown,  grid_charge=off, rescue_active=on, ev_charging_active=off, ev_charge_end=unknown, ev_webhook_count=0, max_discharge_a=90, max_charge_a=90, max_grid_charge_a=64, soc_limit_a=17, soc_power_w=840, is_critical_soc=True
2026-01-29T20:44:00.204893+01:00,  soc=15.0,  volt=50.77,  volt_status=NORMAL, batt_w=7.0,  batt_mode=idle,  batt_discharge_w=7.0,  batt_charge_w=0,  load_w=2197.0, zone=unknown,  grid_charge=off, rescue_active=on, ev_charging_active=off, ev_charge_end=unknown, ev_webhook_count=0, max_discharge_a=21, max_charge_a=90, max_grid_charge_a=64, soc_limit_a=17, soc_power_w=840, is_critical_soc=True
2026-01-29T20:45:00.204743+01:00,  soc=15.0,  volt=50.87,  volt_status=NORMAL, batt_w=7.0,  batt_mode=idle,  batt_discharge_w=7.0,  batt_charge_w=0,  load_w=2197.0, zone=unknown,  grid_charge=off, rescue_active=on, ev_charging_active=off, ev_charge_end=unknown, ev_webhook_count=0, max_discharge_a=21, max_charge_a=90, max_grid_charge_a=64, soc_limit_a=17, soc_power_w=840, is_critical_soc=True
2026-01-29T20:46:00.204577+01:00,  soc=15.0,  volt=50.9,  volt_status=NORMAL, batt_w=8.0,  batt_mode=idle,  batt_discharge_w=8.0,  batt_charge_w=0,  load_w=2196.0, zone=unknown,  grid_charge=off, rescue_active=on, ev_charging_active=off, ev_charge_end=unknown, ev_webhook_count=0, max_discharge_a=21, max_charge_a=90, max_grid_charge_a=64, soc_limit_a=17, soc_power_w=840, is_critical_soc=True
